#Monitoring-Site	Remote-Site	?	Aug2013	Jul2013	Jun2013	May2013	Apr2013	Mar2013	Feb2013	Jan2013	Dec2012	Nov2012	Oct2012	Sep2012	Aug2012	Jul2012	Jun2012	May2012	Apr2012	Mar2012	Feb2012	Jan2012	Dec2011	Nov2011	Oct2011	Sep2011	Aug2011	Jul2011	Jun2011	May2011	Apr2011	Mar2011	Feb2011	Jan2011	Dec2010	Nov2010	Oct2010	Sep2010	Aug2010	Jul2010	Jun2010	May2010	Apr2010	Mar2010	Feb2010	Jan2010	Dec2009	Nov2009	Oct2009	Sep2009	Aug2009	Jul2009	Jun2009	May2009	Apr2009	Mar2009	Feb2009	Jan2009	Dec2008	Nov2008	Oct2008	Sep2008	Aug2008	Jul2008	Jun2008	May2008	Apr2008	Mar2008	Feb2008	Jan2008	Dec2007	Nov2007	Oct2007	Sep2007	Aug2007	Jul2007	Jun2007	May2007	Apr2007	Mar2007	Feb2007	Jan2007	Dec2006	Nov2006	Oct2006	Sep2006	Aug2006	Jul2006	Jun2006	May2006	Apr2006	Mar2006	Feb2006	Jan2006	Dec2005	Nov2005	Oct2005	Sep2005	Aug2005	Jul2005	Jun2005	May2005	Apr2005	Mar2005	Feb2005	Jan2005	Dec2004	Nov2004	Oct2004	Sep2004	Aug2004	Jul2004	Jun2004	May2004	Apr2004	Mar2004	Feb2004	Jan2004	Dec2003	Nov2003	Oct2003	Sep2003	Aug2003	Jul2003	Jun2003	May2003	Apr2003	Mar2003	Feb2003	Jan2003	Dec2002	Nov2002	Oct2002	Sep2002	Aug2002	Jul2002	Jun2002	May2002	Apr2002	Mar2002	Feb2002	Jan2002	Dec2001	Nov2001	Oct2001	Sep2001	Aug2001	Jul2001	Jun2001	May2001	Apr2001	Mar2001	Feb2001	Jan2001	Dec2000	Nov2000	Oct2000	Sep2000	Aug2000	Jul2000	Jun2000	May2000	Apr2000	Mar2000	Feb2000	Jan2000	Dec1999	Nov1999	Oct1999	Sep1999	Aug1999	Jul1999	Jun1999	May1999	Apr1999	Mar1999	Feb1999	Jan1999	Dec1998	Nov1998	Oct1998	Sep1998	Aug1998	Jul1998	Jun1998	May1998	Apr1998	Mar1998	Feb1998	Monitoring-Node	Mon-TLD	Mon-Region	Remote-Node	Rem-TLD	Rem-Region	
PK.VU.EDU	AF.MOD.GOV.AF	?B	637.440	66.861	42.495	103.420	80.507	89.484	16.152	11.148	63.004	154.510	.	.	.	120.568	125.266	175.455	82.895	.	.	.	730.158	.	57.732	269.414	207.947	136.854	62.464	.	.	.	.	.	.	.	.	.	.	.	.	.	.	.	.	.	.	.	.	.	.	.	.	.	.	.	.	.	.	.	.	.	.	.	.	.	.	.	.	.	.	.	.	.	.	.	.	.	.	.	.	.	.	.	.	.	.	.	.	.	.	.	.	.	.	.	.	.	.	.	.	.	.	.	.	.	.	.	.	.	.	.	.	.	.	.	.	.	.	.	.	.	.	.	.	.	.	.	.	.	.	.	.	.	.	.	.	.	.	.	.	.	.	.	.	.	.	.	.	.	.	.	.	.	.	.	.	.	.	.	.	.	.	.	.	.	.	.	.	.	.	.	.	.	.	.	.	.	.	.	.	.	.	.	.	.	.	.	.	pinger.vu.edu.pk	PK	South_Asia	www.mod.gov.af	AF	South_Asia
PK.VU.EDU	AL.ALBANIAONLINE.NET.N1	?B	252.201	266.055	347.771	730.215	318.258	303.183	383.431	490.681	205.085	522.638	.	.	.	829.128	761.102	1210.747	841.792	1004.493	481.978	978.061	1137.275	871.802	645.713	786.221	910.038	805.383	608.407	.	.	.	.	.	.	.	.	.	.	.	.	.	.	.	.	.	.	.	.	.	.	.	.	.	.	.	.	.	.	.	.	.	.	.	.	.	.	.	.	.	.	.	.	.	.	.	.	.	.	.	.	.	.	.	.	.	.	.	.	.	.	.	.	.	.	.	.	.	.	.	.	.	.	.	.	.	.	.	.	.	.	.	.	.	.	.	.	.	.	.	.	.	.	.	.	.	.	.	.	.	.	.	.	.	.	.	.	.	.	.	.	.	.	.	.	.	.	.	.	.	.	.	.	.	.	.	.	.	.	.	.	.	.	.	.	.	.	.	.	.	.	.	.	.	.	.	.	.	.	.	.	.	.	.	.	.	.	.	.	pinger.vu.edu.pk	PK	South_Asia	aol1.albaniaonline.net	NET	Balkans
PK.VU.EDU	AM.SCI.N1	?B	.	670.502	403.793	338.663	246.005	238.429	246.669	304.433	219.926	562.829	.	.	.	521.998	652.316	884.239	732.057	548.429	504.019	676.716	867.687	890.803	501.642	1407.062	762.368	624.020	1360.502	.	.	.	.	.	.	.	.	.	.	.	.	.	.	.	.	.	.	.	.	.	.	.	.	.	.	.	.	.	.	.	.	.	.	.	.	.	.	.	.	.	.	.	.	.	.	.	.	.	.	.	.	.	.	.	.	.	.	.	.	.	.	.	.	.	.	.	.	.	.	.	.	.	.	.	.	.	.	.	.	.	.	.	.	.	.	.	.	.	.	.	.	.	.	.	.	.	.	.	.	.	.	.	.	.	.	.	.	.	.	.	.	.	.	.	.	.	.	.	.	.	.	.	.	.	.	.	.	.	.	.	.	.	.	.	.	.	.	.	.	.	.	.	.	.	.	.	.	.	.	.	.	.	.	.	.	.	.	.	.	pinger.vu.edu.pk	PK	South_Asia	www.sci.am	AM	Central_Asia
PK.VU.EDU	AU.AARNET.ADELAIDE.N1	?B	339.429	370.476	325.483	470.628	399.720	130.886	166.095	231.893	139.645	208.454	.	.	.	508.229	424.560	437.460	491.960	433.594	321.339	434.903	500.253	440.681	391.097	894.973	653.739	362.054	302.960	.	.	.	.	.	.	.	.	.	.	.	.	.	.	.	.	.	.	.	.	.	.	.	.	.	.	.	.	.	.	.	.	.	.	.	.	.	.	.	.	.	.	.	.	.	.	.	.	.	.	.	.	.	.	.	.	.	.	.	.	.	.	.	.	.	.	.	.	.	.	.	.	.	.	.	.	.	.	.	.	.	.	.	.	.	.	.	.	.	.	.	.	.	.	.	.	.	.	.	.	.	.	.	.	.	.	.	.	.	.	.	.	.	.	.	.	.	.	.	.	.	.	.	.	.	.	.	.	.	.	.	.	.	.	.	.	.	.	.	.	.	.	.	.	.	.	.	.	.	.	.	.	.	.	.	.	.	.	.	.	pinger.vu.edu.pk	PK	South_Asia	adl-a-ext1.aarnet.net.au	AU	Oceania
PK.VU.EDU	AU.AARNET.BRISBANE.NET	?B	379.146	334.777	320.105	491.239	414.018	144.099	161.639	261.960	135.074	203.543	.	.	.	687.061	368.237	505.655	471.830	505.739	304.347	493.195	386.003	415.965	241.812	604.276	737.486	312.584	331.396	.	.	.	.	.	.	.	.	.	.	.	.	.	.	.	.	.	.	.	.	.	.	.	.	.	.	.	.	.	.	.	.	.	.	.	.	.	.	.	.	.	.	.	.	.	.	.	.	.	.	.	.	.	.	.	.	.	.	.	.	.	.	.	.	.	.	.	.	.	.	.	.	.	.	.	.	.	.	.	.	.	.	.	.	.	.	.	.	.	.	.	.	.	.	.	.	.	.	.	.	.	.	.	.	.	.	.	.	.	.	.	.	.	.	.	.	.	.	.	.	.	.	.	.	.	.	.	.	.	.	.	.	.	.	.	.	.	.	.	.	.	.	.	.	.	.	.	.	.	.	.	.	.	.	.	.	.	.	.	.	pinger.vu.edu.pk	PK	South_Asia	bne-a-ext1.aarnet.net.au	AU	Oceania
PK.VU.EDU	AU.AARNET.CANBERRA.NET	?B	1274.447	316.567	315.637	420.507	426.683	139.344	183.742	267.986	143.928	202.703	.	.	.	570.182	365.263	925.714	635.924	601.304	244.147	639.525	618.252	369.151	316.769	643.296	783.836	365.262	249.698	.	.	.	.	.	.	.	.	.	.	.	.	.	.	.	.	.	.	.	.	.	.	.	.	.	.	.	.	.	.	.	.	.	.	.	.	.	.	.	.	.	.	.	.	.	.	.	.	.	.	.	.	.	.	.	.	.	.	.	.	.	.	.	.	.	.	.	.	.	.	.	.	.	.	.	.	.	.	.	.	.	.	.	.	.	.	.	.	.	.	.	.	.	.	.	.	.	.	.	.	.	.	.	.	.	.	.	.	.	.	.	.	.	.	.	.	.	.	.	.	.	.	.	.	.	.	.	.	.	.	.	.	.	.	.	.	.	.	.	.	.	.	.	.	.	.	.	.	.	.	.	.	.	.	.	.	.	.	.	.	pinger.vu.edu.pk	PK	South_Asia	cbr-a-ext1.aarnet.net.au	AU	Oceania
PK.VU.EDU	AU.AARNET.HOBART.N2	?B	1206.457	339.611	320.639	433.748	433.093	135.320	179.811	241.247	135.231	197.833	.	.	.	516.286	453.524	970.287	558.264	441.487	346.250	613.231	550.138	378.809	273.148	830.279	615.837	333.059	258.970	.	.	.	.	.	.	.	.	.	.	.	.	.	.	.	.	.	.	.	.	.	.	.	.	.	.	.	.	.	.	.	.	.	.	.	.	.	.	.	.	.	.	.	.	.	.	.	.	.	.	.	.	.	.	.	.	.	.	.	.	.	.	.	.	.	.	.	.	.	.	.	.	.	.	.	.	.	.	.	.	.	.	.	.	.	.	.	.	.	.	.	.	.	.	.	.	.	.	.	.	.	.	.	.	.	.	.	.	.	.	.	.	.	.	.	.	.	.	.	.	.	.	.	.	.	.	.	.	.	.	.	.	.	.	.	.	.	.	.	.	.	.	.	.	.	.	.	.	.	.	.	.	.	.	.	.	.	.	.	.	pinger.vu.edu.pk	PK	South_Asia	hba-a-pm1.aarnet.net.au	AU	Oceania
PK.VU.EDU	AU.AARNET.PERTH.NET	?B	969.225	322.717	344.417	509.438	390.033	124.824	180.422	235.917	141.004	201.966	.	.	.	619.088	378.348	389.016	422.171	450.167	253.894	486.596	440.802	387.733	302.361	518.367	540.926	292.279	293.218	.	.	.	.	.	.	.	.	.	.	.	.	.	.	.	.	.	.	.	.	.	.	.	.	.	.	.	.	.	.	.	.	.	.	.	.	.	.	.	.	.	.	.	.	.	.	.	.	.	.	.	.	.	.	.	.	.	.	.	.	.	.	.	.	.	.	.	.	.	.	.	.	.	.	.	.	.	.	.	.	.	.	.	.	.	.	.	.	.	.	.	.	.	.	.	.	.	.	.	.	.	.	.	.	.	.	.	.	.	.	.	.	.	.	.	.	.	.	.	.	.	.	.	.	.	.	.	.	.	.	.	.	.	.	.	.	.	.	.	.	.	.	.	.	.	.	.	.	.	.	.	.	.	.	.	.	.	.	.	.	pinger.vu.edu.pk	PK	South_Asia	per-a-ext1.aarnet.net.au	AU	Oceania
PK.VU.EDU	BA.UTIC.NET.N1	?B	2486.835	923.498	651.750	772.658	498.702	300.467	313.185	421.796	237.831	499.586	.	.	.	490.551	540.051	455.041	.	.	702.305	639.155	694.401	.	.	.	.	.	.	.	.	.	.	.	.	.	.	.	.	.	.	.	.	.	.	.	.	.	.	.	.	.	.	.	.	.	.	.	.	.	.	.	.	.	.	.	.	.	.	.	.	.	.	.	.	.	.	.	.	.	.	.	.	.	.	.	.	.	.	.	.	.	.	.	.	.	.	.	.	.	.	.	.	.	.	.	.	.	.	.	.	.	.	.	.	.	.	.	.	.	.	.	.	.	.	.	.	.	.	.	.	.	.	.	.	.	.	.	.	.	.	.	.	.	.	.	.	.	.	.	.	.	.	.	.	.	.	.	.	.	.	.	.	.	.	.	.	.	.	.	.	.	.	.	.	.	.	.	.	.	.	.	.	.	.	.	.	.	.	pinger.vu.edu.pk	PK	South_Asia	linhost2.utic.net.ba	BA	Balkans
PK.VU.EDU	BD.DUET.AC.N1	?B	928.566	410.752	539.157	798.250	713.431	365.131	255.429	254.501	130.902	194.576	.	.	.	302.968	241.804	146.923	204.484	101.613	105.183	203.103	468.400	146.625	138.669	143.565	209.520	223.717	787.870	.	.	.	.	.	.	.	.	.	.	.	.	.	.	.	.	.	.	.	.	.	.	.	.	.	.	.	.	.	.	.	.	.	.	.	.	.	.	.	.	.	.	.	.	.	.	.	.	.	.	.	.	.	.	.	.	.	.	.	.	.	.	.	.	.	.	.	.	.	.	.	.	.	.	.	.	.	.	.	.	.	.	.	.	.	.	.	.	.	.	.	.	.	.	.	.	.	.	.	.	.	.	.	.	.	.	.	.	.	.	.	.	.	.	.	.	.	.	.	.	.	.	.	.	.	.	.	.	.	.	.	.	.	.	.	.	.	.	.	.	.	.	.	.	.	.	.	.	.	.	.	.	.	.	.	.	.	.	.	.	pinger.vu.edu.pk	PK	South_Asia	www.duet.ac.bd	BD	South_Asia
PK.VU.EDU	BJ.GOUV.N1	?B	265.296	233.218	193.775	232.733	164.475	141.064	195.528	204.984	121.444	236.857	.	.	.	253.213	278.345	242.600	236.033	276.636	184.120	165.511	370.636	229.002	199.088	232.064	192.301	186.448	156.748	.	.	.	.	.	.	.	.	.	.	.	.	.	.	.	.	.	.	.	.	.	.	.	.	.	.	.	.	.	.	.	.	.	.	.	.	.	.	.	.	.	.	.	.	.	.	.	.	.	.	.	.	.	.	.	.	.	.	.	.	.	.	.	.	.	.	.	.	.	.	.	.	.	.	.	.	.	.	.	.	.	.	.	.	.	.	.	.	.	.	.	.	.	.	.	.	.	.	.	.	.	.	.	.	.	.	.	.	.	.	.	.	.	.	.	.	.	.	.	.	.	.	.	.	.	.	.	.	.	.	.	.	.	.	.	.	.	.	.	.	.	.	.	.	.	.	.	.	.	.	.	.	.	.	.	.	.	.	.	.	pinger.vu.edu.pk	PK	South_Asia	waib.gouv.bj	BJ	Africa
PK.VU.EDU	BO.UMSS.EDU.N1	?M	241.057	264.591	252.133	275.280	165.672	128.638	171.796	263.159	123.797	292.739	.	.	.	506.712	444.507	364.233	654.411	420.376	272.909	307.533	290.152	520.288	274.581	524.990	475.742	431.825	347.708	.	.	.	.	.	.	.	.	.	.	.	.	.	.	.	.	.	.	.	.	.	.	.	.	.	.	.	.	.	.	.	.	.	.	.	.	.	.	.	.	.	.	.	.	.	.	.	.	.	.	.	.	.	.	.	.	.	.	.	.	.	.	.	.	.	.	.	.	.	.	.	.	.	.	.	.	.	.	.	.	.	.	.	.	.	.	.	.	.	.	.	.	.	.	.	.	.	.	.	.	.	.	.	.	.	.	.	.	.	.	.	.	.	.	.	.	.	.	.	.	.	.	.	.	.	.	.	.	.	.	.	.	.	.	.	.	.	.	.	.	.	.	.	.	.	.	.	.	.	.	.	.	.	.	.	.	.	.	.	.	pinger.vu.edu.pk	PK	South_Asia	www.umss.edu.bo	BO	Latin_America
PK.VU.EDU	BR.UNESP.N1	?M	1257.613	402.406	284.852	378.766	205.107	181.245	170.629	249.599	106.937	143.342	.	.	.	175.811	363.915	.	.	.	.	.	.	.	.	.	.	.	.	.	.	.	.	.	.	.	.	.	.	.	.	.	.	.	.	.	.	.	.	.	.	.	.	.	.	.	.	.	.	.	.	.	.	.	.	.	.	.	.	.	.	.	.	.	.	.	.	.	.	.	.	.	.	.	.	.	.	.	.	.	.	.	.	.	.	.	.	.	.	.	.	.	.	.	.	.	.	.	.	.	.	.	.	.	.	.	.	.	.	.	.	.	.	.	.	.	.	.	.	.	.	.	.	.	.	.	.	.	.	.	.	.	.	.	.	.	.	.	.	.	.	.	.	.	.	.	.	.	.	.	.	.	.	.	.	.	.	.	.	.	.	.	.	.	.	.	.	.	.	.	.	.	.	.	.	.	.	.	.	pinger.vu.edu.pk	PK	South_Asia	pinger.unesp.br	BR	Latin_America
PK.VU.EDU	BR.UNESP.N3	?r	.	.	.	.	1045.867	.	.	.	.	.	.	.	.	.	.	.	.	.	.	.	.	.	.	.	.	.	.	.	.	.	.	.	.	.	.	.	.	.	.	.	.	.	.	.	.	.	.	.	.	.	.	.	.	.	.	.	.	.	.	.	.	.	.	.	.	.	.	.	.	.	.	.	.	.	.	.	.	.	.	.	.	.	.	.	.	.	.	.	.	.	.	.	.	.	.	.	.	.	.	.	.	.	.	.	.	.	.	.	.	.	.	.	.	.	.	.	.	.	.	.	.	.	.	.	.	.	.	.	.	.	.	.	.	.	.	.	.	.	.	.	.	.	.	.	.	.	.	.	.	.	.	.	.	.	.	.	.	.	.	.	.	.	.	.	.	.	.	.	.	.	.	.	.	.	.	.	.	.	.	.	.	.	.	.	.	.	.	pinger.vu.edu.pk	PK	South_Asia	www.unesp.br	BR	Latin_America
PK.VU.EDU	BY.MTEC.N1	?B	1038.264	428.822	548.688	667.494	439.485	231.350	302.420	347.753	238.448	561.722	.	.	.	596.854	512.273	883.801	872.120	515.471	469.932	678.196	731.410	1057.277	728.902	1596.396	1013.787	785.573	577.476	.	.	.	.	.	.	.	.	.	.	.	.	.	.	.	.	.	.	.	.	.	.	.	.	.	.	.	.	.	.	.	.	.	.	.	.	.	.	.	.	.	.	.	.	.	.	.	.	.	.	.	.	.	.	.	.	.	.	.	.	.	.	.	.	.	.	.	.	.	.	.	.	.	.	.	.	.	.	.	.	.	.	.	.	.	.	.	.	.	.	.	.	.	.	.	.	.	.	.	.	.	.	.	.	.	.	.	.	.	.	.	.	.	.	.	.	.	.	.	.	.	.	.	.	.	.	.	.	.	.	.	.	.	.	.	.	.	.	.	.	.	.	.	.	.	.	.	.	.	.	.	.	.	.	.	.	.	.	.	.	pinger.vu.edu.pk	PK	South_Asia	www.mtec.by	BY	Europe
PK.VU.EDU	CA.CARLETON.N1	?B	413.768	590.960	551.730	585.004	399.995	195.289	288.287	366.710	200.944	477.510	.	.	.	586.219	769.172	994.001	1064.826	966.312	580.668	987.908	623.586	479.107	480.958	768.028	994.884	638.504	451.039	.	.	.	.	.	.	.	.	.	.	.	.	.	.	.	.	.	.	.	.	.	.	.	.	.	.	.	.	.	.	.	.	.	.	.	.	.	.	.	.	.	.	.	.	.	.	.	.	.	.	.	.	.	.	.	.	.	.	.	.	.	.	.	.	.	.	.	.	.	.	.	.	.	.	.	.	.	.	.	.	.	.	.	.	.	.	.	.	.	.	.	.	.	.	.	.	.	.	.	.	.	.	.	.	.	.	.	.	.	.	.	.	.	.	.	.	.	.	.	.	.	.	.	.	.	.	.	.	.	.	.	.	.	.	.	.	.	.	.	.	.	.	.	.	.	.	.	.	.	.	.	.	.	.	.	.	.	.	.	.	pinger.vu.edu.pk	PK	South_Asia	ftp.physics.carleton.ca	CA	North_America
PK.VU.EDU	CA.TRIUMF.N1	?M	1088.666	406.649	342.013	548.768	370.231	190.828	217.410	336.031	156.366	364.448	.	.	.	333.370	417.071	515.733	422.905	450.134	317.676	574.807	488.742	433.937	321.799	811.172	828.568	365.942	394.665	.	.	.	.	.	.	.	.	.	.	.	.	.	.	.	.	.	.	.	.	.	.	.	.	.	.	.	.	.	.	.	.	.	.	.	.	.	.	.	.	.	.	.	.	.	.	.	.	.	.	.	.	.	.	.	.	.	.	.	.	.	.	.	.	.	.	.	.	.	.	.	.	.	.	.	.	.	.	.	.	.	.	.	.	.	.	.	.	.	.	.	.	.	.	.	.	.	.	.	.	.	.	.	.	.	.	.	.	.	.	.	.	.	.	.	.	.	.	.	.	.	.	.	.	.	.	.	.	.	.	.	.	.	.	.	.	.	.	.	.	.	.	.	.	.	.	.	.	.	.	.	.	.	.	.	.	.	.	.	.	pinger.vu.edu.pk	PK	South_Asia	sitka.triumf.ca	CA	North_America
PK.VU.EDU	CH.CERN.N1	?B	2152.642	1016.024	800.435	914.115	319.624	345.046	479.659	687.687	306.375	516.339	.	.	.	977.424	890.961	958.252	1567.605	1101.342	547.010	931.542	498.467	1176.135	583.399	1135.299	1294.881	991.804	1246.441	.	.	.	.	.	.	.	.	.	.	.	.	.	.	.	.	.	.	.	.	.	.	.	.	.	.	.	.	.	.	.	.	.	.	.	.	.	.	.	.	.	.	.	.	.	.	.	.	.	.	.	.	.	.	.	.	.	.	.	.	.	.	.	.	.	.	.	.	.	.	.	.	.	.	.	.	.	.	.	.	.	.	.	.	.	.	.	.	.	.	.	.	.	.	.	.	.	.	.	.	.	.	.	.	.	.	.	.	.	.	.	.	.	.	.	.	.	.	.	.	.	.	.	.	.	.	.	.	.	.	.	.	.	.	.	.	.	.	.	.	.	.	.	.	.	.	.	.	.	.	.	.	.	.	.	.	.	.	.	.	pinger.vu.edu.pk	PK	South_Asia	ping.cern.ch	CH	Europe
PK.VU.EDU	CH.EPFL.N1	?B	2806.722	829.001	713.975	834.055	703.052	288.233	426.342	664.599	307.349	845.844	.	.	.	1301.364	773.878	792.156	1591.480	1077.278	762.664	1480.805	1071.584	1747.436	981.972	2927.434	1955.643	1337.827	3038.960	.	.	.	.	.	.	.	.	.	.	.	.	.	.	.	.	.	.	.	.	.	.	.	.	.	.	.	.	.	.	.	.	.	.	.	.	.	.	.	.	.	.	.	.	.	.	.	.	.	.	.	.	.	.	.	.	.	.	.	.	.	.	.	.	.	.	.	.	.	.	.	.	.	.	.	.	.	.	.	.	.	.	.	.	.	.	.	.	.	.	.	.	.	.	.	.	.	.	.	.	.	.	.	.	.	.	.	.	.	.	.	.	.	.	.	.	.	.	.	.	.	.	.	.	.	.	.	.	.	.	.	.	.	.	.	.	.	.	.	.	.	.	.	.	.	.	.	.	.	.	.	.	.	.	.	.	.	.	.	.	pinger.vu.edu.pk	PK	South_Asia	eltca1.epfl.ch	CH	Europe
PK.VU.EDU	CM.CAMNET.N1	?B	.	.	405.340	262.212	275.230	222.632	289.456	248.749	115.664	174.630	.	.	.	240.036	210.766	181.613	180.471	186.909	131.815	212.711	254.111	219.822	179.620	192.189	138.469	91.680	87.877	.	.	.	.	.	.	.	.	.	.	.	.	.	.	.	.	.	.	.	.	.	.	.	.	.	.	.	.	.	.	.	.	.	.	.	.	.	.	.	.	.	.	.	.	.	.	.	.	.	.	.	.	.	.	.	.	.	.	.	.	.	.	.	.	.	.	.	.	.	.	.	.	.	.	.	.	.	.	.	.	.	.	.	.	.	.	.	.	.	.	.	.	.	.	.	.	.	.	.	.	.	.	.	.	.	.	.	.	.	.	.	.	.	.	.	.	.	.	.	.	.	.	.	.	.	.	.	.	.	.	.	.	.	.	.	.	.	.	.	.	.	.	.	.	.	.	.	.	.	.	.	.	.	.	.	.	.	.	.	.	pinger.vu.edu.pk	PK	South_Asia	www.camnet.cm	CM	Africa
PK.VU.EDU	CN.IHEP.AC.N2	?B	1128.711	327.051	247.523	338.129	215.936	122.749	145.915	230.214	109.594	292.780	.	.	.	291.486	348.256	287.068	409.148	.	177.330	417.349	632.868	400.006	278.753	411.754	308.350	356.280	434.095	.	.	.	.	.	.	.	.	.	.	.	.	.	.	.	.	.	.	.	.	.	.	.	.	.	.	.	.	.	.	.	.	.	.	.	.	.	.	.	.	.	.	.	.	.	.	.	.	.	.	.	.	.	.	.	.	.	.	.	.	.	.	.	.	.	.	.	.	.	.	.	.	.	.	.	.	.	.	.	.	.	.	.	.	.	.	.	.	.	.	.	.	.	.	.	.	.	.	.	.	.	.	.	.	.	.	.	.	.	.	.	.	.	.	.	.	.	.	.	.	.	.	.	.	.	.	.	.	.	.	.	.	.	.	.	.	.	.	.	.	.	.	.	.	.	.	.	.	.	.	.	.	.	.	.	.	.	.	.	.	pinger.vu.edu.pk	PK	South_Asia	ihep.ac.cn	CN	East_Asia
PK.VU.EDU	CN.USTC.LCG.PS.EDU.N1	?B	.	.	.	.	.	.	.	92.410	76.839	127.926	.	.	.	.	.	.	.	.	.	.	.	.	.	.	.	.	.	.	.	.	.	.	.	.	.	.	.	.	.	.	.	.	.	.	.	.	.	.	.	.	.	.	.	.	.	.	.	.	.	.	.	.	.	.	.	.	.	.	.	.	.	.	.	.	.	.	.	.	.	.	.	.	.	.	.	.	.	.	.	.	.	.	.	.	.	.	.	.	.	.	.	.	.	.	.	.	.	.	.	.	.	.	.	.	.	.	.	.	.	.	.	.	.	.	.	.	.	.	.	.	.	.	.	.	.	.	.	.	.	.	.	.	.	.	.	.	.	.	.	.	.	.	.	.	.	.	.	.	.	.	.	.	.	.	.	.	.	.	.	.	.	.	.	.	.	.	.	.	.	.	.	.	.	.	.	.	.	pinger.vu.edu.pk	PK	South_Asia	ps.lcg.ustc.edu.cn	CN	East_Asia
PK.VU.EDU	CO.UNIANDES.EDU.N4	?r	.	.	.	.	1291.374	.	.	.	135.961	195.953	.	.	.	237.836	317.006	594.707	287.593	189.385	350.606	465.582	391.679	625.705	401.859	727.204	406.035	438.017	648.909	.	.	.	.	.	.	.	.	.	.	.	.	.	.	.	.	.	.	.	.	.	.	.	.	.	.	.	.	.	.	.	.	.	.	.	.	.	.	.	.	.	.	.	.	.	.	.	.	.	.	.	.	.	.	.	.	.	.	.	.	.	.	.	.	.	.	.	.	.	.	.	.	.	.	.	.	.	.	.	.	.	.	.	.	.	.	.	.	.	.	.	.	.	.	.	.	.	.	.	.	.	.	.	.	.	.	.	.	.	.	.	.	.	.	.	.	.	.	.	.	.	.	.	.	.	.	.	.	.	.	.	.	.	.	.	.	.	.	.	.	.	.	.	.	.	.	.	.	.	.	.	.	.	.	.	.	.	.	.	.	pinger.vu.edu.pk	PK	South_Asia	cdcnet.uniandes.edu.co	CO	Latin_America
PK.VU.EDU	CR.CUC.AC.N1	?B	292.088	112.780	254.537	298.647	276.429	166.992	251.741	332.809	159.547	397.876	.	.	.	360.708	505.586	523.043	347.861	545.070	316.285	713.522	788.211	604.402	386.469	717.713	513.111	405.692	347.563	.	.	.	.	.	.	.	.	.	.	.	.	.	.	.	.	.	.	.	.	.	.	.	.	.	.	.	.	.	.	.	.	.	.	.	.	.	.	.	.	.	.	.	.	.	.	.	.	.	.	.	.	.	.	.	.	.	.	.	.	.	.	.	.	.	.	.	.	.	.	.	.	.	.	.	.	.	.	.	.	.	.	.	.	.	.	.	.	.	.	.	.	.	.	.	.	.	.	.	.	.	.	.	.	.	.	.	.	.	.	.	.	.	.	.	.	.	.	.	.	.	.	.	.	.	.	.	.	.	.	.	.	.	.	.	.	.	.	.	.	.	.	.	.	.	.	.	.	.	.	.	.	.	.	.	.	.	.	.	.	pinger.vu.edu.pk	PK	South_Asia	www.cuc.ac.cr	CR	Latin_America
PK.VU.EDU	DJ.EBANKSALAAM.N1	?B	.	.	.	.	.	.	.	.	.	.	.	.	.	439.864	432.041	359.320	505.353	495.483	296.076	423.523	289.670	372.537	252.376	346.685	512.218	452.266	339.220	.	.	.	.	.	.	.	.	.	.	.	.	.	.	.	.	.	.	.	.	.	.	.	.	.	.	.	.	.	.	.	.	.	.	.	.	.	.	.	.	.	.	.	.	.	.	.	.	.	.	.	.	.	.	.	.	.	.	.	.	.	.	.	.	.	.	.	.	.	.	.	.	.	.	.	.	.	.	.	.	.	.	.	.	.	.	.	.	.	.	.	.	.	.	.	.	.	.	.	.	.	.	.	.	.	.	.	.	.	.	.	.	.	.	.	.	.	.	.	.	.	.	.	.	.	.	.	.	.	.	.	.	.	.	.	.	.	.	.	.	.	.	.	.	.	.	.	.	.	.	.	.	.	.	.	.	.	.	.	.	pinger.vu.edu.pk	PK	South_Asia	www.ebanksalaam.dj	DJ	Africa
PK.VU.EDU	DZ.ARN.N3	?M	.	.	.	.	.	.	.	.	.	.	.	.	.	.	.	.	.	.	.	.	.	398.042	.	.	.	.	.	.	.	.	.	.	.	.	.	.	.	.	.	.	.	.	.	.	.	.	.	.	.	.	.	.	.	.	.	.	.	.	.	.	.	.	.	.	.	.	.	.	.	.	.	.	.	.	.	.	.	.	.	.	.	.	.	.	.	.	.	.	.	.	.	.	.	.	.	.	.	.	.	.	.	.	.	.	.	.	.	.	.	.	.	.	.	.	.	.	.	.	.	.	.	.	.	.	.	.	.	.	.	.	.	.	.	.	.	.	.	.	.	.	.	.	.	.	.	.	.	.	.	.	.	.	.	.	.	.	.	.	.	.	.	.	.	.	.	.	.	.	.	.	.	.	.	.	.	.	.	.	.	.	.	.	.	.	.	.	.	pinger.vu.edu.pk	PK	South_Asia	pinger.arn.dz	DZ	Africa
PK.VU.EDU	DZ.UNIV-SBA	?B	724.142	608.247	539.941	575.770	513.194	237.562	337.164	463.938	232.190	234.329	.	.	.	509.372	621.305	535.009	773.364	1417.767	759.444	1274.353	870.232	172.428	156.483	172.579	211.114	112.220	54.606	.	.	.	.	.	.	.	.	.	.	.	.	.	.	.	.	.	.	.	.	.	.	.	.	.	.	.	.	.	.	.	.	.	.	.	.	.	.	.	.	.	.	.	.	.	.	.	.	.	.	.	.	.	.	.	.	.	.	.	.	.	.	.	.	.	.	.	.	.	.	.	.	.	.	.	.	.	.	.	.	.	.	.	.	.	.	.	.	.	.	.	.	.	.	.	.	.	.	.	.	.	.	.	.	.	.	.	.	.	.	.	.	.	.	.	.	.	.	.	.	.	.	.	.	.	.	.	.	.	.	.	.	.	.	.	.	.	.	.	.	.	.	.	.	.	.	.	.	.	.	.	.	.	.	.	.	.	.	.	.	pinger.vu.edu.pk	PK	South_Asia	www.univ-sba.dz	DZ	Africa
PK.VU.EDU	EC.IMPSAT.NET.N1	?B	.	.	260.913	431.007	286.274	147.992	244.402	292.710	105.425	272.518	.	.	.	414.021	319.680	372.824	471.479	423.031	221.625	292.928	291.308	209.713	309.113	450.157	593.979	435.056	451.537	.	.	.	.	.	.	.	.	.	.	.	.	.	.	.	.	.	.	.	.	.	.	.	.	.	.	.	.	.	.	.	.	.	.	.	.	.	.	.	.	.	.	.	.	.	.	.	.	.	.	.	.	.	.	.	.	.	.	.	.	.	.	.	.	.	.	.	.	.	.	.	.	.	.	.	.	.	.	.	.	.	.	.	.	.	.	.	.	.	.	.	.	.	.	.	.	.	.	.	.	.	.	.	.	.	.	.	.	.	.	.	.	.	.	.	.	.	.	.	.	.	.	.	.	.	.	.	.	.	.	.	.	.	.	.	.	.	.	.	.	.	.	.	.	.	.	.	.	.	.	.	.	.	.	.	.	.	.	.	.	pinger.vu.edu.pk	PK	South_Asia	gye.impsat.net.ec	EC	Latin_America
PK.VU.EDU	EDU.SLAC.STANFORD.N1	?B	.	.	.	.	.	.	.	.	.	.	.	.	.	436.291	453.691	710.413	805.611	647.080	331.876	1026.778	645.858	716.844	516.928	1584.878	690.819	573.519	504.881	.	.	.	.	.	.	.	.	.	.	.	.	.	.	.	.	.	.	.	.	.	.	.	.	.	.	.	.	.	.	.	.	.	.	.	.	.	.	.	.	.	.	.	.	.	.	.	.	.	.	.	.	.	.	.	.	.	.	.	.	.	.	.	.	.	.	.	.	.	.	.	.	.	.	.	.	.	.	.	.	.	.	.	.	.	.	.	.	.	.	.	.	.	.	.	.	.	.	.	.	.	.	.	.	.	.	.	.	.	.	.	.	.	.	.	.	.	.	.	.	.	.	.	.	.	.	.	.	.	.	.	.	.	.	.	.	.	.	.	.	.	.	.	.	.	.	.	.	.	.	.	.	.	.	.	.	.	.	.	.	pinger.vu.edu.pk	PK	South_Asia	ping.slac.stanford.edu	EDU	North_America
PK.VU.EDU	EE.UT.N1	?B	2939.733	931.839	664.480	757.938	616.255	276.085	399.099	598.170	261.711	735.831	.	.	.	884.091	711.710	2048.918	1230.992	980.719	575.040	1547.581	1646.632	1311.743	918.158	2049.565	2595.486	908.996	1363.893	.	.	.	.	.	.	.	.	.	.	.	.	.	.	.	.	.	.	.	.	.	.	.	.	.	.	.	.	.	.	.	.	.	.	.	.	.	.	.	.	.	.	.	.	.	.	.	.	.	.	.	.	.	.	.	.	.	.	.	.	.	.	.	.	.	.	.	.	.	.	.	.	.	.	.	.	.	.	.	.	.	.	.	.	.	.	.	.	.	.	.	.	.	.	.	.	.	.	.	.	.	.	.	.	.	.	.	.	.	.	.	.	.	.	.	.	.	.	.	.	.	.	.	.	.	.	.	.	.	.	.	.	.	.	.	.	.	.	.	.	.	.	.	.	.	.	.	.	.	.	.	.	.	.	.	.	.	.	.	.	pinger.vu.edu.pk	PK	South_Asia	kadri.ut.ee	EE	Europe
PK.VU.EDU	EG.EUN.N1	?B	1994.822	540.863	299.910	761.647	300.322	191.197	247.454	358.102	179.032	419.216	.	.	.	814.662	887.216	920.799	1289.752	889.202	511.513	1202.775	1276.824	1824.769	731.912	1305.737	1206.485	855.515	659.645	.	.	.	.	.	.	.	.	.	.	.	.	.	.	.	.	.	.	.	.	.	.	.	.	.	.	.	.	.	.	.	.	.	.	.	.	.	.	.	.	.	.	.	.	.	.	.	.	.	.	.	.	.	.	.	.	.	.	.	.	.	.	.	.	.	.	.	.	.	.	.	.	.	.	.	.	.	.	.	.	.	.	.	.	.	.	.	.	.	.	.	.	.	.	.	.	.	.	.	.	.	.	.	.	.	.	.	.	.	.	.	.	.	.	.	.	.	.	.	.	.	.	.	.	.	.	.	.	.	.	.	.	.	.	.	.	.	.	.	.	.	.	.	.	.	.	.	.	.	.	.	.	.	.	.	.	.	.	.	.	pinger.vu.edu.pk	PK	South_Asia	frcu.eun.eg	EG	Africa
PK.VU.EDU	ET.STMARYCOLLEGE.N3	?B	33.099	40.487	45.622	74.344	42.529	43.323	51.097	87.379	38.761	61.086	.	.	.	136.460	55.886	33.639	54.807	91.682	149.776	258.343	.	.	.	.	.	.	.	.	.	.	.	.	.	.	.	.	.	.	.	.	.	.	.	.	.	.	.	.	.	.	.	.	.	.	.	.	.	.	.	.	.	.	.	.	.	.	.	.	.	.	.	.	.	.	.	.	.	.	.	.	.	.	.	.	.	.	.	.	.	.	.	.	.	.	.	.	.	.	.	.	.	.	.	.	.	.	.	.	.	.	.	.	.	.	.	.	.	.	.	.	.	.	.	.	.	.	.	.	.	.	.	.	.	.	.	.	.	.	.	.	.	.	.	.	.	.	.	.	.	.	.	.	.	.	.	.	.	.	.	.	.	.	.	.	.	.	.	.	.	.	.	.	.	.	.	.	.	.	.	.	.	.	.	.	.	.	.	pinger.vu.edu.pk	PK	South_Asia	www.stmaryuniversitycollege.edu.et	ET	Africa
PK.VU.EDU	GA.TRESOR.N1	?B	808.778	353.136	307.888	463.848	348.571	167.000	224.659	169.381	90.881	125.145	.	.	.	339.534	375.138	433.262	504.472	435.667	323.988	619.776	399.324	108.872	145.553	188.357	281.668	192.907	260.005	.	.	.	.	.	.	.	.	.	.	.	.	.	.	.	.	.	.	.	.	.	.	.	.	.	.	.	.	.	.	.	.	.	.	.	.	.	.	.	.	.	.	.	.	.	.	.	.	.	.	.	.	.	.	.	.	.	.	.	.	.	.	.	.	.	.	.	.	.	.	.	.	.	.	.	.	.	.	.	.	.	.	.	.	.	.	.	.	.	.	.	.	.	.	.	.	.	.	.	.	.	.	.	.	.	.	.	.	.	.	.	.	.	.	.	.	.	.	.	.	.	.	.	.	.	.	.	.	.	.	.	.	.	.	.	.	.	.	.	.	.	.	.	.	.	.	.	.	.	.	.	.	.	.	.	.	.	.	.	.	pinger.vu.edu.pk	PK	South_Asia	www.tresor.ga	GA	Africa
PK.VU.EDU	GH.CSIR.ORG.N1	?B	.	2009.538	.	.	63.379	39.874	1885.710	.	.	119.378	.	.	.	.	2069.090	.	.	.	.	.	.	.	.	.	.	.	.	.	.	.	.	.	.	.	.	.	.	.	.	.	.	.	.	.	.	.	.	.	.	.	.	.	.	.	.	.	.	.	.	.	.	.	.	.	.	.	.	.	.	.	.	.	.	.	.	.	.	.	.	.	.	.	.	.	.	.	.	.	.	.	.	.	.	.	.	.	.	.	.	.	.	.	.	.	.	.	.	.	.	.	.	.	.	.	.	.	.	.	.	.	.	.	.	.	.	.	.	.	.	.	.	.	.	.	.	.	.	.	.	.	.	.	.	.	.	.	.	.	.	.	.	.	.	.	.	.	.	.	.	.	.	.	.	.	.	.	.	.	.	.	.	.	.	.	.	.	.	.	.	.	.	.	.	.	.	.	.	pinger.vu.edu.pk	PK	South_Asia	www.csir.org.gh	GH	Africa
PK.VU.EDU	GM.QANET.N1	?B	552.527	533.843	469.137	503.133	367.578	203.403	297.076	449.461	182.547	584.267	.	.	.	705.661	806.719	285.898	231.283	262.121	305.108	257.943	296.175	317.787	285.475	402.896	616.405	430.467	330.785	.	.	.	.	.	.	.	.	.	.	.	.	.	.	.	.	.	.	.	.	.	.	.	.	.	.	.	.	.	.	.	.	.	.	.	.	.	.	.	.	.	.	.	.	.	.	.	.	.	.	.	.	.	.	.	.	.	.	.	.	.	.	.	.	.	.	.	.	.	.	.	.	.	.	.	.	.	.	.	.	.	.	.	.	.	.	.	.	.	.	.	.	.	.	.	.	.	.	.	.	.	.	.	.	.	.	.	.	.	.	.	.	.	.	.	.	.	.	.	.	.	.	.	.	.	.	.	.	.	.	.	.	.	.	.	.	.	.	.	.	.	.	.	.	.	.	.	.	.	.	.	.	.	.	.	.	.	.	.	.	pinger.vu.edu.pk	PK	South_Asia	mail.qanet.gm	GM	Africa
PK.VU.EDU	GOV.FNAL.N1	?B	.	.	.	.	.	.	.	.	.	.	.	.	.	.	.	753.745	753.486	679.364	503.727	897.864	939.066	834.567	662.944	1923.648	1199.073	604.296	549.915	.	.	.	.	.	.	.	.	.	.	.	.	.	.	.	.	.	.	.	.	.	.	.	.	.	.	.	.	.	.	.	.	.	.	.	.	.	.	.	.	.	.	.	.	.	.	.	.	.	.	.	.	.	.	.	.	.	.	.	.	.	.	.	.	.	.	.	.	.	.	.	.	.	.	.	.	.	.	.	.	.	.	.	.	.	.	.	.	.	.	.	.	.	.	.	.	.	.	.	.	.	.	.	.	.	.	.	.	.	.	.	.	.	.	.	.	.	.	.	.	.	.	.	.	.	.	.	.	.	.	.	.	.	.	.	.	.	.	.	.	.	.	.	.	.	.	.	.	.	.	.	.	.	.	.	.	.	.	.	.	pinger.vu.edu.pk	PK	South_Asia	fnal.fnal.gov	GOV	North_America
PK.VU.EDU	GT.USAC.EDU.N1	?B	327.522	268.110	270.072	322.487	215.194	188.292	205.428	284.919	132.786	180.555	.	.	.	224.765	508.694	.	.	.	762.336	229.174	183.194	127.639	.	.	.	.	478.096	.	.	.	.	.	.	.	.	.	.	.	.	.	.	.	.	.	.	.	.	.	.	.	.	.	.	.	.	.	.	.	.	.	.	.	.	.	.	.	.	.	.	.	.	.	.	.	.	.	.	.	.	.	.	.	.	.	.	.	.	.	.	.	.	.	.	.	.	.	.	.	.	.	.	.	.	.	.	.	.	.	.	.	.	.	.	.	.	.	.	.	.	.	.	.	.	.	.	.	.	.	.	.	.	.	.	.	.	.	.	.	.	.	.	.	.	.	.	.	.	.	.	.	.	.	.	.	.	.	.	.	.	.	.	.	.	.	.	.	.	.	.	.	.	.	.	.	.	.	.	.	.	.	.	.	.	.	.	.	.	pinger.vu.edu.pk	PK	South_Asia	fisica.usac.edu.gt	GT	Latin_America
PK.VU.EDU	HN.EDU.UNITEC.N1	?B	257.025	423.241	347.378	403.904	237.174	172.530	202.483	359.971	132.014	207.374	.	.	.	235.320	341.262	758.856	526.118	459.885	354.025	526.691	758.161	398.333	390.450	657.471	709.304	473.312	876.018	.	.	.	.	.	.	.	.	.	.	.	.	.	.	.	.	.	.	.	.	.	.	.	.	.	.	.	.	.	.	.	.	.	.	.	.	.	.	.	.	.	.	.	.	.	.	.	.	.	.	.	.	.	.	.	.	.	.	.	.	.	.	.	.	.	.	.	.	.	.	.	.	.	.	.	.	.	.	.	.	.	.	.	.	.	.	.	.	.	.	.	.	.	.	.	.	.	.	.	.	.	.	.	.	.	.	.	.	.	.	.	.	.	.	.	.	.	.	.	.	.	.	.	.	.	.	.	.	.	.	.	.	.	.	.	.	.	.	.	.	.	.	.	.	.	.	.	.	.	.	.	.	.	.	.	.	.	.	.	.	pinger.vu.edu.pk	PK	South_Asia	www.unitec.edu	EDU	Latin_America
PK.VU.EDU	HR.CARNET.N2	?B	2676.643	607.306	788.749	952.871	663.094	389.072	495.350	621.439	287.013	866.087	.	.	.	841.967	1089.996	1812.697	1266.826	1070.208	716.394	981.887	1204.247	1794.725	672.266	2520.471	1620.853	907.106	629.116	.	.	.	.	.	.	.	.	.	.	.	.	.	.	.	.	.	.	.	.	.	.	.	.	.	.	.	.	.	.	.	.	.	.	.	.	.	.	.	.	.	.	.	.	.	.	.	.	.	.	.	.	.	.	.	.	.	.	.	.	.	.	.	.	.	.	.	.	.	.	.	.	.	.	.	.	.	.	.	.	.	.	.	.	.	.	.	.	.	.	.	.	.	.	.	.	.	.	.	.	.	.	.	.	.	.	.	.	.	.	.	.	.	.	.	.	.	.	.	.	.	.	.	.	.	.	.	.	.	.	.	.	.	.	.	.	.	.	.	.	.	.	.	.	.	.	.	.	.	.	.	.	.	.	.	.	.	.	.	.	pinger.vu.edu.pk	PK	South_Asia	www.carnet.hr	HR	Balkans
PK.VU.EDU	HU.KFKI.N1	?B	829.276	1032.479	705.192	693.290	472.339	254.034	503.754	512.583	262.265	631.341	.	.	.	896.484	821.767	1360.421	1396.444	1397.172	875.387	914.257	1047.835	1253.042	1040.014	1788.034	2183.053	976.001	1176.026	.	.	.	.	.	.	.	.	.	.	.	.	.	.	.	.	.	.	.	.	.	.	.	.	.	.	.	.	.	.	.	.	.	.	.	.	.	.	.	.	.	.	.	.	.	.	.	.	.	.	.	.	.	.	.	.	.	.	.	.	.	.	.	.	.	.	.	.	.	.	.	.	.	.	.	.	.	.	.	.	.	.	.	.	.	.	.	.	.	.	.	.	.	.	.	.	.	.	.	.	.	.	.	.	.	.	.	.	.	.	.	.	.	.	.	.	.	.	.	.	.	.	.	.	.	.	.	.	.	.	.	.	.	.	.	.	.	.	.	.	.	.	.	.	.	.	.	.	.	.	.	.	.	.	.	.	.	.	.	.	pinger.vu.edu.pk	PK	South_Asia	ping.rmki.kfki.hu	HU	Europe
PK.VU.EDU	ID.DNET.NET.N1	?B	.	286.210	530.866	917.750	1039.309	165.363	297.291	368.547	165.709	242.724	.	.	.	496.926	590.661	1038.051	518.391	991.578	631.472	480.865	1533.528	836.019	479.835	853.811	1058.298	264.038	290.491	.	.	.	.	.	.	.	.	.	.	.	.	.	.	.	.	.	.	.	.	.	.	.	.	.	.	.	.	.	.	.	.	.	.	.	.	.	.	.	.	.	.	.	.	.	.	.	.	.	.	.	.	.	.	.	.	.	.	.	.	.	.	.	.	.	.	.	.	.	.	.	.	.	.	.	.	.	.	.	.	.	.	.	.	.	.	.	.	.	.	.	.	.	.	.	.	.	.	.	.	.	.	.	.	.	.	.	.	.	.	.	.	.	.	.	.	.	.	.	.	.	.	.	.	.	.	.	.	.	.	.	.	.	.	.	.	.	.	.	.	.	.	.	.	.	.	.	.	.	.	.	.	.	.	.	.	.	.	.	.	pinger.vu.edu.pk	PK	South_Asia	speedtest.sby.dnet.net.id	ID	S.E._Asia
PK.VU.EDU	IL.WEIZMANN.AC.N1	?B	.	.	.	409.005	329.872	193.318	250.644	342.873	206.796	408.730	.	.	.	434.831	669.862	668.056	627.406	345.529	466.743	998.399	646.848	1217.619	638.547	1485.960	1187.225	436.223	1238.537	.	.	.	.	.	.	.	.	.	.	.	.	.	.	.	.	.	.	.	.	.	.	.	.	.	.	.	.	.	.	.	.	.	.	.	.	.	.	.	.	.	.	.	.	.	.	.	.	.	.	.	.	.	.	.	.	.	.	.	.	.	.	.	.	.	.	.	.	.	.	.	.	.	.	.	.	.	.	.	.	.	.	.	.	.	.	.	.	.	.	.	.	.	.	.	.	.	.	.	.	.	.	.	.	.	.	.	.	.	.	.	.	.	.	.	.	.	.	.	.	.	.	.	.	.	.	.	.	.	.	.	.	.	.	.	.	.	.	.	.	.	.	.	.	.	.	.	.	.	.	.	.	.	.	.	.	.	.	.	.	pinger.vu.edu.pk	PK	South_Asia	www.weizmann.ac.il	IL	Middle_East
PK.VU.EDU	IN.CDACMUMBAI.N1	?M	314.794	310.211	239.769	165.112	387.352	144.832	227.516	286.896	151.160	282.138	.	.	.	530.061	444.043	480.872	595.233	384.224	279.163	353.390	368.120	274.680	197.114	188.925	265.398	210.526	183.356	.	.	.	.	.	.	.	.	.	.	.	.	.	.	.	.	.	.	.	.	.	.	.	.	.	.	.	.	.	.	.	.	.	.	.	.	.	.	.	.	.	.	.	.	.	.	.	.	.	.	.	.	.	.	.	.	.	.	.	.	.	.	.	.	.	.	.	.	.	.	.	.	.	.	.	.	.	.	.	.	.	.	.	.	.	.	.	.	.	.	.	.	.	.	.	.	.	.	.	.	.	.	.	.	.	.	.	.	.	.	.	.	.	.	.	.	.	.	.	.	.	.	.	.	.	.	.	.	.	.	.	.	.	.	.	.	.	.	.	.	.	.	.	.	.	.	.	.	.	.	.	.	.	.	.	.	.	.	.	.	pinger.vu.edu.pk	PK	South_Asia	pinger.cdacmumbai.in	IN	South_Asia
PK.VU.EDU	IR.IRANLG.N1	?B	244.915	184.876	185.043	320.324	163.228	195.503	178.734	116.379	137.458	163.093	.	.	.	440.702	277.728	.	.	.	.	.	.	.	.	.	.	.	.	.	.	.	.	.	.	.	.	.	.	.	.	.	.	.	.	.	.	.	.	.	.	.	.	.	.	.	.	.	.	.	.	.	.	.	.	.	.	.	.	.	.	.	.	.	.	.	.	.	.	.	.	.	.	.	.	.	.	.	.	.	.	.	.	.	.	.	.	.	.	.	.	.	.	.	.	.	.	.	.	.	.	.	.	.	.	.	.	.	.	.	.	.	.	.	.	.	.	.	.	.	.	.	.	.	.	.	.	.	.	.	.	.	.	.	.	.	.	.	.	.	.	.	.	.	.	.	.	.	.	.	.	.	.	.	.	.	.	.	.	.	.	.	.	.	.	.	.	.	.	.	.	.	.	.	.	.	.	.	.	pinger.vu.edu.pk	PK	South_Asia	www.iranlng.ir	IR	Middle_East
PK.VU.EDU	IT.ICTP.N1	?M	1984.508	963.091	814.903	913.133	564.034	308.794	380.148	673.599	286.489	743.861	.	.	.	723.696	853.379	909.737	1374.749	1173.841	707.809	1027.077	1083.601	947.320	1578.698	1142.130	1750.843	996.079	1673.230	.	.	.	.	.	.	.	.	.	.	.	.	.	.	.	.	.	.	.	.	.	.	.	.	.	.	.	.	.	.	.	.	.	.	.	.	.	.	.	.	.	.	.	.	.	.	.	.	.	.	.	.	.	.	.	.	.	.	.	.	.	.	.	.	.	.	.	.	.	.	.	.	.	.	.	.	.	.	.	.	.	.	.	.	.	.	.	.	.	.	.	.	.	.	.	.	.	.	.	.	.	.	.	.	.	.	.	.	.	.	.	.	.	.	.	.	.	.	.	.	.	.	.	.	.	.	.	.	.	.	.	.	.	.	.	.	.	.	.	.	.	.	.	.	.	.	.	.	.	.	.	.	.	.	.	.	.	.	.	.	pinger.vu.edu.pk	PK	South_Asia	pinger.ictp.it	IT	Europe
PK.VU.EDU	IT.INFN.N6	?B	2954.326	921.080	684.534	773.150	645.843	306.381	464.571	629.019	286.810	768.072	.	.	.	847.671	871.355	1539.681	1768.279	1097.970	608.037	1065.878	818.009	850.683	957.779	704.755	1465.439	963.681	1118.096	.	.	.	.	.	.	.	.	.	.	.	.	.	.	.	.	.	.	.	.	.	.	.	.	.	.	.	.	.	.	.	.	.	.	.	.	.	.	.	.	.	.	.	.	.	.	.	.	.	.	.	.	.	.	.	.	.	.	.	.	.	.	.	.	.	.	.	.	.	.	.	.	.	.	.	.	.	.	.	.	.	.	.	.	.	.	.	.	.	.	.	.	.	.	.	.	.	.	.	.	.	.	.	.	.	.	.	.	.	.	.	.	.	.	.	.	.	.	.	.	.	.	.	.	.	.	.	.	.	.	.	.	.	.	.	.	.	.	.	.	.	.	.	.	.	.	.	.	.	.	.	.	.	.	.	.	.	.	.	.	pinger.vu.edu.pk	PK	South_Asia	dsna1.na.infn.it	IT	Europe
PK.VU.EDU	IT.INFN.N7	?B	1014.633	927.250	717.576	852.985	623.642	298.463	466.446	668.578	294.855	810.021	.	.	.	827.956	829.547	1133.553	1492.678	1056.331	592.632	896.470	1095.913	649.284	1063.133	798.844	1600.957	1039.466	741.835	.	.	.	.	.	.	.	.	.	.	.	.	.	.	.	.	.	.	.	.	.	.	.	.	.	.	.	.	.	.	.	.	.	.	.	.	.	.	.	.	.	.	.	.	.	.	.	.	.	.	.	.	.	.	.	.	.	.	.	.	.	.	.	.	.	.	.	.	.	.	.	.	.	.	.	.	.	.	.	.	.	.	.	.	.	.	.	.	.	.	.	.	.	.	.	.	.	.	.	.	.	.	.	.	.	.	.	.	.	.	.	.	.	.	.	.	.	.	.	.	.	.	.	.	.	.	.	.	.	.	.	.	.	.	.	.	.	.	.	.	.	.	.	.	.	.	.	.	.	.	.	.	.	.	.	.	.	.	.	.	pinger.vu.edu.pk	PK	South_Asia	dxcnaf.cnaf.infn.it	IT	Europe
PK.VU.EDU	JO.SESAME.ORG.N1	?M	411.795	399.318	323.116	416.432	395.645	218.704	346.191	408.908	135.510	394.797	.	.	.	316.455	393.854	359.410	.	534.847	473.372	300.257	703.509	291.053	310.558	639.872	454.420	568.967	458.631	.	.	.	.	.	.	.	.	.	.	.	.	.	.	.	.	.	.	.	.	.	.	.	.	.	.	.	.	.	.	.	.	.	.	.	.	.	.	.	.	.	.	.	.	.	.	.	.	.	.	.	.	.	.	.	.	.	.	.	.	.	.	.	.	.	.	.	.	.	.	.	.	.	.	.	.	.	.	.	.	.	.	.	.	.	.	.	.	.	.	.	.	.	.	.	.	.	.	.	.	.	.	.	.	.	.	.	.	.	.	.	.	.	.	.	.	.	.	.	.	.	.	.	.	.	.	.	.	.	.	.	.	.	.	.	.	.	.	.	.	.	.	.	.	.	.	.	.	.	.	.	.	.	.	.	.	.	.	.	.	pinger.vu.edu.pk	PK	South_Asia	pinger.sesame.org.jo	JO	Middle_East
PK.VU.EDU	JP.KEK.N1	?B	.	.	.	.	.	.	.	.	.	.	.	.	.	.	.	.	.	.	296.848	681.278	814.608	471.509	399.525	748.641	333.651	351.369	410.832	.	.	.	.	.	.	.	.	.	.	.	.	.	.	.	.	.	.	.	.	.	.	.	.	.	.	.	.	.	.	.	.	.	.	.	.	.	.	.	.	.	.	.	.	.	.	.	.	.	.	.	.	.	.	.	.	.	.	.	.	.	.	.	.	.	.	.	.	.	.	.	.	.	.	.	.	.	.	.	.	.	.	.	.	.	.	.	.	.	.	.	.	.	.	.	.	.	.	.	.	.	.	.	.	.	.	.	.	.	.	.	.	.	.	.	.	.	.	.	.	.	.	.	.	.	.	.	.	.	.	.	.	.	.	.	.	.	.	.	.	.	.	.	.	.	.	.	.	.	.	.	.	.	.	.	.	.	.	.	.	pinger.vu.edu.pk	PK	South_Asia	www.kek.jp	JP	East_Asia
PK.VU.EDU	JP.RIKEN.N3	?M	292.315	258.844	308.724	797.198	283.341	144.008	187.607	260.241	121.674	210.261	.	.	.	599.217	414.055	546.636	536.355	904.985	353.763	656.310	855.596	527.106	387.331	790.235	319.268	353.355	368.173	.	.	.	.	.	.	.	.	.	.	.	.	.	.	.	.	.	.	.	.	.	.	.	.	.	.	.	.	.	.	.	.	.	.	.	.	.	.	.	.	.	.	.	.	.	.	.	.	.	.	.	.	.	.	.	.	.	.	.	.	.	.	.	.	.	.	.	.	.	.	.	.	.	.	.	.	.	.	.	.	.	.	.	.	.	.	.	.	.	.	.	.	.	.	.	.	.	.	.	.	.	.	.	.	.	.	.	.	.	.	.	.	.	.	.	.	.	.	.	.	.	.	.	.	.	.	.	.	.	.	.	.	.	.	.	.	.	.	.	.	.	.	.	.	.	.	.	.	.	.	.	.	.	.	.	.	.	.	.	.	pinger.vu.edu.pk	PK	South_Asia	ping.riken.jp	JP	East_Asia
PK.VU.EDU	KE.SWIFTKENYA.COM.N1	?B	400.522	321.144	332.529	310.680	319.200	156.912	247.933	330.053	151.509	364.307	.	.	.	246.464	259.942	201.575	471.483	252.677	203.758	516.624	275.431	466.843	446.927	728.605	463.785	223.312	522.380	.	.	.	.	.	.	.	.	.	.	.	.	.	.	.	.	.	.	.	.	.	.	.	.	.	.	.	.	.	.	.	.	.	.	.	.	.	.	.	.	.	.	.	.	.	.	.	.	.	.	.	.	.	.	.	.	.	.	.	.	.	.	.	.	.	.	.	.	.	.	.	.	.	.	.	.	.	.	.	.	.	.	.	.	.	.	.	.	.	.	.	.	.	.	.	.	.	.	.	.	.	.	.	.	.	.	.	.	.	.	.	.	.	.	.	.	.	.	.	.	.	.	.	.	.	.	.	.	.	.	.	.	.	.	.	.	.	.	.	.	.	.	.	.	.	.	.	.	.	.	.	.	.	.	.	.	.	.	.	.	pinger.vu.edu.pk	PK	South_Asia	ns1.swiftkenya.com	COM	Africa
PK.VU.EDU	KH.CAMNET.COM.N1	?B	.	.	.	.	224.329	178.149	180.471	222.162	148.393	231.793	.	.	.	324.062	426.697	723.844	1051.545	731.453	398.370	295.353	583.684	447.646	234.270	233.845	248.676	337.571	283.603	.	.	.	.	.	.	.	.	.	.	.	.	.	.	.	.	.	.	.	.	.	.	.	.	.	.	.	.	.	.	.	.	.	.	.	.	.	.	.	.	.	.	.	.	.	.	.	.	.	.	.	.	.	.	.	.	.	.	.	.	.	.	.	.	.	.	.	.	.	.	.	.	.	.	.	.	.	.	.	.	.	.	.	.	.	.	.	.	.	.	.	.	.	.	.	.	.	.	.	.	.	.	.	.	.	.	.	.	.	.	.	.	.	.	.	.	.	.	.	.	.	.	.	.	.	.	.	.	.	.	.	.	.	.	.	.	.	.	.	.	.	.	.	.	.	.	.	.	.	.	.	.	.	.	.	.	.	.	.	.	pinger.vu.edu.pk	PK	South_Asia	www.camnet.com.kh	KH	S.E._Asia
PK.VU.EDU	KR.KYUNGWON.AC.N1	?B	1252.401	393.909	347.836	556.829	296.833	185.233	244.663	377.492	166.228	195.427	.	.	.	493.593	424.429	1222.496	.	.	401.729	508.532	545.425	.	.	.	.	.	.	.	.	.	.	.	.	.	.	.	.	.	.	.	.	.	.	.	.	.	.	.	.	.	.	.	.	.	.	.	.	.	.	.	.	.	.	.	.	.	.	.	.	.	.	.	.	.	.	.	.	.	.	.	.	.	.	.	.	.	.	.	.	.	.	.	.	.	.	.	.	.	.	.	.	.	.	.	.	.	.	.	.	.	.	.	.	.	.	.	.	.	.	.	.	.	.	.	.	.	.	.	.	.	.	.	.	.	.	.	.	.	.	.	.	.	.	.	.	.	.	.	.	.	.	.	.	.	.	.	.	.	.	.	.	.	.	.	.	.	.	.	.	.	.	.	.	.	.	.	.	.	.	.	.	.	.	.	.	.	.	pinger.vu.edu.pk	PK	South_Asia	main.kyungwon.ac.kr	KR	East_Asia
PK.VU.EDU	KZ.KAZRENA.N1	?B	2031.672	587.334	480.374	687.466	302.192	233.324	327.983	414.008	198.457	377.095	.	.	.	267.604	743.473	826.076	1068.213	579.297	500.852	505.114	534.134	787.425	526.973	1020.146	799.065	507.883	659.707	.	.	.	.	.	.	.	.	.	.	.	.	.	.	.	.	.	.	.	.	.	.	.	.	.	.	.	.	.	.	.	.	.	.	.	.	.	.	.	.	.	.	.	.	.	.	.	.	.	.	.	.	.	.	.	.	.	.	.	.	.	.	.	.	.	.	.	.	.	.	.	.	.	.	.	.	.	.	.	.	.	.	.	.	.	.	.	.	.	.	.	.	.	.	.	.	.	.	.	.	.	.	.	.	.	.	.	.	.	.	.	.	.	.	.	.	.	.	.	.	.	.	.	.	.	.	.	.	.	.	.	.	.	.	.	.	.	.	.	.	.	.	.	.	.	.	.	.	.	.	.	.	.	.	.	.	.	.	.	.	pinger.vu.edu.pk	PK	South_Asia	www.kazrena.kz	KZ	Central_Asia
PK.VU.EDU	LB.CUT.EDU.N1	?B	871.968	927.305	.	.	.	.	.	.	.	.	.	.	.	865.913	1222.820	855.920	1062.333	952.767	689.279	763.846	752.261	637.384	897.763	1470.033	818.749	755.545	716.384	.	.	.	.	.	.	.	.	.	.	.	.	.	.	.	.	.	.	.	.	.	.	.	.	.	.	.	.	.	.	.	.	.	.	.	.	.	.	.	.	.	.	.	.	.	.	.	.	.	.	.	.	.	.	.	.	.	.	.	.	.	.	.	.	.	.	.	.	.	.	.	.	.	.	.	.	.	.	.	.	.	.	.	.	.	.	.	.	.	.	.	.	.	.	.	.	.	.	.	.	.	.	.	.	.	.	.	.	.	.	.	.	.	.	.	.	.	.	.	.	.	.	.	.	.	.	.	.	.	.	.	.	.	.	.	.	.	.	.	.	.	.	.	.	.	.	.	.	.	.	.	.	.	.	.	.	.	.	.	.	pinger.vu.edu.pk	PK	South_Asia	www.cut.edu.lb	LB	Middle_East
PK.VU.EDU	LK.LEARN.AC.N1	?B	535.977	306.237	398.457	534.191	580.696	222.076	272.943	306.557	157.142	281.408	.	.	.	542.039	659.959	713.247	828.955	657.087	403.757	993.313	1285.627	946.847	681.258	1323.734	1324.315	614.232	433.049	.	.	.	.	.	.	.	.	.	.	.	.	.	.	.	.	.	.	.	.	.	.	.	.	.	.	.	.	.	.	.	.	.	.	.	.	.	.	.	.	.	.	.	.	.	.	.	.	.	.	.	.	.	.	.	.	.	.	.	.	.	.	.	.	.	.	.	.	.	.	.	.	.	.	.	.	.	.	.	.	.	.	.	.	.	.	.	.	.	.	.	.	.	.	.	.	.	.	.	.	.	.	.	.	.	.	.	.	.	.	.	.	.	.	.	.	.	.	.	.	.	.	.	.	.	.	.	.	.	.	.	.	.	.	.	.	.	.	.	.	.	.	.	.	.	.	.	.	.	.	.	.	.	.	.	.	.	.	.	.	pinger.vu.edu.pk	PK	South_Asia	namunu.learn.ac.lk	LK	South_Asia
PK.VU.EDU	LS.LESOTHO.GOV.N1	?B	796.537	388.507	315.814	320.803	305.667	175.543	198.645	287.206	146.296	347.314	.	.	.	635.444	410.910	742.816	493.157	474.887	254.601	351.932	365.869	407.837	262.601	315.775	296.282	232.895	148.018	.	.	.	.	.	.	.	.	.	.	.	.	.	.	.	.	.	.	.	.	.	.	.	.	.	.	.	.	.	.	.	.	.	.	.	.	.	.	.	.	.	.	.	.	.	.	.	.	.	.	.	.	.	.	.	.	.	.	.	.	.	.	.	.	.	.	.	.	.	.	.	.	.	.	.	.	.	.	.	.	.	.	.	.	.	.	.	.	.	.	.	.	.	.	.	.	.	.	.	.	.	.	.	.	.	.	.	.	.	.	.	.	.	.	.	.	.	.	.	.	.	.	.	.	.	.	.	.	.	.	.	.	.	.	.	.	.	.	.	.	.	.	.	.	.	.	.	.	.	.	.	.	.	.	.	.	.	.	.	.	pinger.vu.edu.pk	PK	South_Asia	www.lesotho.gov.ls	LS	Africa
PK.VU.EDU	LT.MII.N1	?B	812.406	783.534	661.445	715.706	469.980	273.539	399.956	507.476	240.683	715.244	.	.	.	717.711	701.507	883.206	999.297	891.121	652.762	1220.390	1049.152	1529.658	823.712	2370.626	1074.241	801.367	2550.717	.	.	.	.	.	.	.	.	.	.	.	.	.	.	.	.	.	.	.	.	.	.	.	.	.	.	.	.	.	.	.	.	.	.	.	.	.	.	.	.	.	.	.	.	.	.	.	.	.	.	.	.	.	.	.	.	.	.	.	.	.	.	.	.	.	.	.	.	.	.	.	.	.	.	.	.	.	.	.	.	.	.	.	.	.	.	.	.	.	.	.	.	.	.	.	.	.	.	.	.	.	.	.	.	.	.	.	.	.	.	.	.	.	.	.	.	.	.	.	.	.	.	.	.	.	.	.	.	.	.	.	.	.	.	.	.	.	.	.	.	.	.	.	.	.	.	.	.	.	.	.	.	.	.	.	.	.	.	.	.	pinger.vu.edu.pk	PK	South_Asia	julius.ktl.mii.lt	LT	Europe
PK.VU.EDU	LV.WEB-A-LVDATS.N1	?B	2779.010	717.194	660.895	917.596	571.399	261.829	361.469	561.539	253.156	633.999	.	.	.	351.059	821.560	2310.452	1303.587	939.144	486.845	1518.356	1372.730	1171.328	914.214	1493.479	906.791	812.067	753.204	.	.	.	.	.	.	.	.	.	.	.	.	.	.	.	.	.	.	.	.	.	.	.	.	.	.	.	.	.	.	.	.	.	.	.	.	.	.	.	.	.	.	.	.	.	.	.	.	.	.	.	.	.	.	.	.	.	.	.	.	.	.	.	.	.	.	.	.	.	.	.	.	.	.	.	.	.	.	.	.	.	.	.	.	.	.	.	.	.	.	.	.	.	.	.	.	.	.	.	.	.	.	.	.	.	.	.	.	.	.	.	.	.	.	.	.	.	.	.	.	.	.	.	.	.	.	.	.	.	.	.	.	.	.	.	.	.	.	.	.	.	.	.	.	.	.	.	.	.	.	.	.	.	.	.	.	.	.	.	.	pinger.vu.edu.pk	PK	South_Asia	web-a.lvdats.lv	LV	Europe
PK.VU.EDU	LY.LTTNET.NET	?B	2604.231	1263.812	918.440	1317.122	872.586	367.294	521.310	823.087	231.983	443.653	.	.	.	396.327	790.034	1707.308	.	.	1887.304	842.582	1628.524	.	.	.	.	.	.	.	.	.	.	.	.	.	.	.	.	.	.	.	.	.	.	.	.	.	.	.	.	.	.	.	.	.	.	.	.	.	.	.	.	.	.	.	.	.	.	.	.	.	.	.	.	.	.	.	.	.	.	.	.	.	.	.	.	.	.	.	.	.	.	.	.	.	.	.	.	.	.	.	.	.	.	.	.	.	.	.	.	.	.	.	.	.	.	.	.	.	.	.	.	.	.	.	.	.	.	.	.	.	.	.	.	.	.	.	.	.	.	.	.	.	.	.	.	.	.	.	.	.	.	.	.	.	.	.	.	.	.	.	.	.	.	.	.	.	.	.	.	.	.	.	.	.	.	.	.	.	.	.	.	.	.	.	.	.	.	pinger.vu.edu.pk	PK	South_Asia	mail.lttnet.net	NET	Africa
PK.VU.EDU	MK.NET.N1	?B	2640.095	673.490	569.327	1070.798	501.302	327.317	360.671	558.856	236.682	730.830	.	.	.	729.351	1332.711	.	.	.	.	.	.	.	.	.	.	.	.	.	.	.	.	.	.	.	.	.	.	.	.	.	.	.	.	.	.	.	.	.	.	.	.	.	.	.	.	.	.	.	.	.	.	.	.	.	.	.	.	.	.	.	.	.	.	.	.	.	.	.	.	.	.	.	.	.	.	.	.	.	.	.	.	.	.	.	.	.	.	.	.	.	.	.	.	.	.	.	.	.	.	.	.	.	.	.	.	.	.	.	.	.	.	.	.	.	.	.	.	.	.	.	.	.	.	.	.	.	.	.	.	.	.	.	.	.	.	.	.	.	.	.	.	.	.	.	.	.	.	.	.	.	.	.	.	.	.	.	.	.	.	.	.	.	.	.	.	.	.	.	.	.	.	.	.	.	.	.	.	pinger.vu.edu.pk	PK	South_Asia	www.mt.net.mk	MK	Balkans
PK.VU.EDU	ML.ORG.REFER.N1	?B	1507.197	586.228	442.787	388.716	403.521	225.238	343.564	349.935	166.338	388.359	.	.	.	661.164	470.500	333.213	518.607	379.348	288.469	418.405	432.843	510.724	282.996	294.676	322.387	291.623	132.689	.	.	.	.	.	.	.	.	.	.	.	.	.	.	.	.	.	.	.	.	.	.	.	.	.	.	.	.	.	.	.	.	.	.	.	.	.	.	.	.	.	.	.	.	.	.	.	.	.	.	.	.	.	.	.	.	.	.	.	.	.	.	.	.	.	.	.	.	.	.	.	.	.	.	.	.	.	.	.	.	.	.	.	.	.	.	.	.	.	.	.	.	.	.	.	.	.	.	.	.	.	.	.	.	.	.	.	.	.	.	.	.	.	.	.	.	.	.	.	.	.	.	.	.	.	.	.	.	.	.	.	.	.	.	.	.	.	.	.	.	.	.	.	.	.	.	.	.	.	.	.	.	.	.	.	.	.	.	.	.	pinger.vu.edu.pk	PK	South_Asia	www.ml.refer.org	ORG	Africa
PK.VU.EDU	MN.MAGIC.N1	?B	2168.077	470.139	513.835	768.535	474.072	210.622	178.642	305.311	186.419	177.883	.	.	.	347.937	433.554	344.247	491.423	368.035	199.595	337.513	346.614	503.675	.	849.363	524.849	458.675	267.046	.	.	.	.	.	.	.	.	.	.	.	.	.	.	.	.	.	.	.	.	.	.	.	.	.	.	.	.	.	.	.	.	.	.	.	.	.	.	.	.	.	.	.	.	.	.	.	.	.	.	.	.	.	.	.	.	.	.	.	.	.	.	.	.	.	.	.	.	.	.	.	.	.	.	.	.	.	.	.	.	.	.	.	.	.	.	.	.	.	.	.	.	.	.	.	.	.	.	.	.	.	.	.	.	.	.	.	.	.	.	.	.	.	.	.	.	.	.	.	.	.	.	.	.	.	.	.	.	.	.	.	.	.	.	.	.	.	.	.	.	.	.	.	.	.	.	.	.	.	.	.	.	.	.	.	.	.	.	.	.	pinger.vu.edu.pk	PK	South_Asia	magic.mn	MN	Central_Asia
PK.VU.EDU	MR.AFE.N1	?B	1362.148	261.535	266.181	416.250	175.551	201.791	184.911	250.478	115.093	245.382	.	.	.	145.949	298.523	102.037	114.199	121.195	218.094	227.647	299.468	195.734	222.284	284.011	210.504	160.261	124.492	.	.	.	.	.	.	.	.	.	.	.	.	.	.	.	.	.	.	.	.	.	.	.	.	.	.	.	.	.	.	.	.	.	.	.	.	.	.	.	.	.	.	.	.	.	.	.	.	.	.	.	.	.	.	.	.	.	.	.	.	.	.	.	.	.	.	.	.	.	.	.	.	.	.	.	.	.	.	.	.	.	.	.	.	.	.	.	.	.	.	.	.	.	.	.	.	.	.	.	.	.	.	.	.	.	.	.	.	.	.	.	.	.	.	.	.	.	.	.	.	.	.	.	.	.	.	.	.	.	.	.	.	.	.	.	.	.	.	.	.	.	.	.	.	.	.	.	.	.	.	.	.	.	.	.	.	.	.	.	.	pinger.vu.edu.pk	PK	South_Asia	www.afe.mr	MR	Africa
PK.VU.EDU	MX.UIA.N1	?B	1560.796	514.513	438.843	608.052	313.460	198.371	268.985	399.922	175.981	413.140	.	.	.	462.238	585.084	869.546	724.497	508.145	395.968	567.817	562.477	559.387	467.834	1276.426	754.976	544.563	426.983	.	.	.	.	.	.	.	.	.	.	.	.	.	.	.	.	.	.	.	.	.	.	.	.	.	.	.	.	.	.	.	.	.	.	.	.	.	.	.	.	.	.	.	.	.	.	.	.	.	.	.	.	.	.	.	.	.	.	.	.	.	.	.	.	.	.	.	.	.	.	.	.	.	.	.	.	.	.	.	.	.	.	.	.	.	.	.	.	.	.	.	.	.	.	.	.	.	.	.	.	.	.	.	.	.	.	.	.	.	.	.	.	.	.	.	.	.	.	.	.	.	.	.	.	.	.	.	.	.	.	.	.	.	.	.	.	.	.	.	.	.	.	.	.	.	.	.	.	.	.	.	.	.	.	.	.	.	.	.	.	pinger.vu.edu.pk	PK	South_Asia	www.uia.mx	MX	Latin_America
PK.VU.EDU	MY.UNIMAS.N4	?M	3728.757	832.641	931.264	928.482	748.069	270.816	315.130	400.621	176.505	176.245	.	.	.	.	.	.	.	.	.	.	.	.	.	.	.	.	.	.	.	.	.	.	.	.	.	.	.	.	.	.	.	.	.	.	.	.	.	.	.	.	.	.	.	.	.	.	.	.	.	.	.	.	.	.	.	.	.	.	.	.	.	.	.	.	.	.	.	.	.	.	.	.	.	.	.	.	.	.	.	.	.	.	.	.	.	.	.	.	.	.	.	.	.	.	.	.	.	.	.	.	.	.	.	.	.	.	.	.	.	.	.	.	.	.	.	.	.	.	.	.	.	.	.	.	.	.	.	.	.	.	.	.	.	.	.	.	.	.	.	.	.	.	.	.	.	.	.	.	.	.	.	.	.	.	.	.	.	.	.	.	.	.	.	.	.	.	.	.	.	.	.	.	.	.	.	.	.	pinger.vu.edu.pk	PK	South_Asia	pinger.unimas.my	MY	S.E._Asia
PK.VU.EDU	MZ.UEM.N1	?B	848.557	254.072	299.912	328.423	358.949	153.871	198.225	313.768	99.653	160.318	.	.	.	160.240	110.369	83.582	301.257	481.580	281.047	754.180	571.917	354.908	170.661	613.320	1098.287	627.651	804.695	.	.	.	.	.	.	.	.	.	.	.	.	.	.	.	.	.	.	.	.	.	.	.	.	.	.	.	.	.	.	.	.	.	.	.	.	.	.	.	.	.	.	.	.	.	.	.	.	.	.	.	.	.	.	.	.	.	.	.	.	.	.	.	.	.	.	.	.	.	.	.	.	.	.	.	.	.	.	.	.	.	.	.	.	.	.	.	.	.	.	.	.	.	.	.	.	.	.	.	.	.	.	.	.	.	.	.	.	.	.	.	.	.	.	.	.	.	.	.	.	.	.	.	.	.	.	.	.	.	.	.	.	.	.	.	.	.	.	.	.	.	.	.	.	.	.	.	.	.	.	.	.	.	.	.	.	.	.	.	.	pinger.vu.edu.pk	PK	South_Asia	www.uem.mz	MZ	Africa
PK.VU.EDU	NA.ADSL-ISP.COM.N1	?B	589.782	513.190	333.884	527.049	304.246	142.579	172.475	292.749	122.958	319.951	.	.	.	478.625	424.680	617.507	300.058	401.525	405.384	409.024	365.909	342.457	212.097	304.482	268.605	206.327	553.151	.	.	.	.	.	.	.	.	.	.	.	.	.	.	.	.	.	.	.	.	.	.	.	.	.	.	.	.	.	.	.	.	.	.	.	.	.	.	.	.	.	.	.	.	.	.	.	.	.	.	.	.	.	.	.	.	.	.	.	.	.	.	.	.	.	.	.	.	.	.	.	.	.	.	.	.	.	.	.	.	.	.	.	.	.	.	.	.	.	.	.	.	.	.	.	.	.	.	.	.	.	.	.	.	.	.	.	.	.	.	.	.	.	.	.	.	.	.	.	.	.	.	.	.	.	.	.	.	.	.	.	.	.	.	.	.	.	.	.	.	.	.	.	.	.	.	.	.	.	.	.	.	.	.	.	.	.	.	.	.	pinger.vu.edu.pk	PK	South_Asia	www.adsl.com.na	NA	Africa
PK.VU.EDU	NP.NREN.NET.N2	?B	702.078	292.806	337.879	472.620	344.435	151.768	155.986	297.273	131.447	241.619	.	.	.	255.020	452.546	225.082	330.123	881.583	519.234	622.288	666.208	512.494	590.479	508.253	198.003	216.574	132.971	.	.	.	.	.	.	.	.	.	.	.	.	.	.	.	.	.	.	.	.	.	.	.	.	.	.	.	.	.	.	.	.	.	.	.	.	.	.	.	.	.	.	.	.	.	.	.	.	.	.	.	.	.	.	.	.	.	.	.	.	.	.	.	.	.	.	.	.	.	.	.	.	.	.	.	.	.	.	.	.	.	.	.	.	.	.	.	.	.	.	.	.	.	.	.	.	.	.	.	.	.	.	.	.	.	.	.	.	.	.	.	.	.	.	.	.	.	.	.	.	.	.	.	.	.	.	.	.	.	.	.	.	.	.	.	.	.	.	.	.	.	.	.	.	.	.	.	.	.	.	.	.	.	.	.	.	.	.	.	.	pinger.vu.edu.pk	PK	South_Asia	www.nren.net.np	NP	South_Asia
PK.VU.EDU	NZ.WAIKATO.AC.N3	?B	.	.	.	.	79.649	.	.	.	135.550	344.446	.	.	.	294.013	440.205	665.478	343.211	290.469	248.100	294.649	399.224	244.717	126.004	142.987	307.799	310.800	450.699	.	.	.	.	.	.	.	.	.	.	.	.	.	.	.	.	.	.	.	.	.	.	.	.	.	.	.	.	.	.	.	.	.	.	.	.	.	.	.	.	.	.	.	.	.	.	.	.	.	.	.	.	.	.	.	.	.	.	.	.	.	.	.	.	.	.	.	.	.	.	.	.	.	.	.	.	.	.	.	.	.	.	.	.	.	.	.	.	.	.	.	.	.	.	.	.	.	.	.	.	.	.	.	.	.	.	.	.	.	.	.	.	.	.	.	.	.	.	.	.	.	.	.	.	.	.	.	.	.	.	.	.	.	.	.	.	.	.	.	.	.	.	.	.	.	.	.	.	.	.	.	.	.	.	.	.	.	.	.	.	pinger.vu.edu.pk	PK	South_Asia	amp-kiwi.cs.waikato.ac.nz	NZ	Oceania
PK.VU.EDU	PA.EDU.INSTITUTOKILPATRICK.N1	?B	299.273	399.836	277.376	427.323	263.198	180.035	219.511	296.832	114.157	172.573	.	.	.	352.351	365.845	308.235	363.621	553.925	441.176	431.756	521.791	287.889	318.573	418.583	536.703	300.816	539.647	.	.	.	.	.	.	.	.	.	.	.	.	.	.	.	.	.	.	.	.	.	.	.	.	.	.	.	.	.	.	.	.	.	.	.	.	.	.	.	.	.	.	.	.	.	.	.	.	.	.	.	.	.	.	.	.	.	.	.	.	.	.	.	.	.	.	.	.	.	.	.	.	.	.	.	.	.	.	.	.	.	.	.	.	.	.	.	.	.	.	.	.	.	.	.	.	.	.	.	.	.	.	.	.	.	.	.	.	.	.	.	.	.	.	.	.	.	.	.	.	.	.	.	.	.	.	.	.	.	.	.	.	.	.	.	.	.	.	.	.	.	.	.	.	.	.	.	.	.	.	.	.	.	.	.	.	.	.	.	.	pinger.vu.edu.pk	PK	South_Asia	institutokilpatrick.edu.pa	PA	Latin_America
PK.VU.EDU	PH.USEP.EDU.N1	?B	280.366	189.676	162.100	146.145	212.018	98.778	122.309	84.536	81.190	181.565	.	.	.	259.868	253.067	320.589	423.723	343.977	67.946	40.305	34.797	35.571	.	.	.	.	.	.	.	.	.	.	.	.	.	.	.	.	.	.	.	.	.	.	.	.	.	.	.	.	.	.	.	.	.	.	.	.	.	.	.	.	.	.	.	.	.	.	.	.	.	.	.	.	.	.	.	.	.	.	.	.	.	.	.	.	.	.	.	.	.	.	.	.	.	.	.	.	.	.	.	.	.	.	.	.	.	.	.	.	.	.	.	.	.	.	.	.	.	.	.	.	.	.	.	.	.	.	.	.	.	.	.	.	.	.	.	.	.	.	.	.	.	.	.	.	.	.	.	.	.	.	.	.	.	.	.	.	.	.	.	.	.	.	.	.	.	.	.	.	.	.	.	.	.	.	.	.	.	.	.	.	.	.	.	.	.	pinger.vu.edu.pk	PK	South_Asia	www.usep.edu.ph	PH	S.E._Asia
PK.VU.EDU	PK.AIOU.EDU.N2	?M	.	.	.	.	84018.897	.	.	.	.	.	.	.	.	.	.	12300.509	7143.551	9810.709	5396.700	.	28422.324	10739.627	3303.410	13340.574	9047.986	6158.912	4699.867	.	.	.	.	.	.	.	.	.	.	.	.	.	.	.	.	.	.	.	.	.	.	.	.	.	.	.	.	.	.	.	.	.	.	.	.	.	.	.	.	.	.	.	.	.	.	.	.	.	.	.	.	.	.	.	.	.	.	.	.	.	.	.	.	.	.	.	.	.	.	.	.	.	.	.	.	.	.	.	.	.	.	.	.	.	.	.	.	.	.	.	.	.	.	.	.	.	.	.	.	.	.	.	.	.	.	.	.	.	.	.	.	.	.	.	.	.	.	.	.	.	.	.	.	.	.	.	.	.	.	.	.	.	.	.	.	.	.	.	.	.	.	.	.	.	.	.	.	.	.	.	.	.	.	.	.	.	.	.	.	pinger.vu.edu.pk	PK	South_Asia	pinger.aiou.edu.pk	PK	South_Asia
PK.VU.EDU	PK.AIRUNIVERSITY.EDU.N2	?M	.	.	.	.	67225.930	.	.	.	.	.	.	.	.	.	.	16670.512	14143.002	12432.457	6066.289	.	15595.196	7173.206	2926.837	12807.698	16141.120	5136.097	4719.277	.	.	.	.	.	.	.	.	.	.	.	.	.	.	.	.	.	.	.	.	.	.	.	.	.	.	.	.	.	.	.	.	.	.	.	.	.	.	.	.	.	.	.	.	.	.	.	.	.	.	.	.	.	.	.	.	.	.	.	.	.	.	.	.	.	.	.	.	.	.	.	.	.	.	.	.	.	.	.	.	.	.	.	.	.	.	.	.	.	.	.	.	.	.	.	.	.	.	.	.	.	.	.	.	.	.	.	.	.	.	.	.	.	.	.	.	.	.	.	.	.	.	.	.	.	.	.	.	.	.	.	.	.	.	.	.	.	.	.	.	.	.	.	.	.	.	.	.	.	.	.	.	.	.	.	.	.	.	.	.	pinger.vu.edu.pk	PK	South_Asia	airuniversity.seecs.edu.pk	PK	South_Asia
PK.VU.EDU	PK.AUP.SEECS.EDU	?M	.	.	.	.	.	.	.	.	.	.	.	.	.	.	.	2240.809	999.708	921.667	1944.040	.	1045.093	3842.379	1779.622	5641.766	7691.859	4261.870	2853.088	.	.	.	.	.	.	.	.	.	.	.	.	.	.	.	.	.	.	.	.	.	.	.	.	.	.	.	.	.	.	.	.	.	.	.	.	.	.	.	.	.	.	.	.	.	.	.	.	.	.	.	.	.	.	.	.	.	.	.	.	.	.	.	.	.	.	.	.	.	.	.	.	.	.	.	.	.	.	.	.	.	.	.	.	.	.	.	.	.	.	.	.	.	.	.	.	.	.	.	.	.	.	.	.	.	.	.	.	.	.	.	.	.	.	.	.	.	.	.	.	.	.	.	.	.	.	.	.	.	.	.	.	.	.	.	.	.	.	.	.	.	.	.	.	.	.	.	.	.	.	.	.	.	.	.	.	.	.	.	.	pinger.vu.edu.pk	PK	South_Asia	aup.seecs.edu.pk	PK	South_Asia
PK.VU.EDU	PK.BUITMS.SEECS.EDU	?M	.	.	.	.	.	.	.	.	.	.	.	.	.	.	.	3182.336	525.395	977.808	2747.769	.	12734.232	8908.041	3523.673	6796.558	13814.187	2354.429	.	.	.	.	.	.	.	.	.	.	.	.	.	.	.	.	.	.	.	.	.	.	.	.	.	.	.	.	.	.	.	.	.	.	.	.	.	.	.	.	.	.	.	.	.	.	.	.	.	.	.	.	.	.	.	.	.	.	.	.	.	.	.	.	.	.	.	.	.	.	.	.	.	.	.	.	.	.	.	.	.	.	.	.	.	.	.	.	.	.	.	.	.	.	.	.	.	.	.	.	.	.	.	.	.	.	.	.	.	.	.	.	.	.	.	.	.	.	.	.	.	.	.	.	.	.	.	.	.	.	.	.	.	.	.	.	.	.	.	.	.	.	.	.	.	.	.	.	.	.	.	.	.	.	.	.	.	.	.	.	.	pinger.vu.edu.pk	PK	South_Asia	buitms.seecs.edu.pk	PK	South_Asia
PK.VU.EDU	PK.CAE.SEECS.EDU	?M	.	.	.	.	.	.	.	.	.	.	.	.	.	.	.	9795.968	5398.027	4009.319	2079.668	.	2692.502	1906.641	1349.823	3247.854	3471.119	2906.754	.	.	.	.	.	.	.	.	.	.	.	.	.	.	.	.	.	.	.	.	.	.	.	.	.	.	.	.	.	.	.	.	.	.	.	.	.	.	.	.	.	.	.	.	.	.	.	.	.	.	.	.	.	.	.	.	.	.	.	.	.	.	.	.	.	.	.	.	.	.	.	.	.	.	.	.	.	.	.	.	.	.	.	.	.	.	.	.	.	.	.	.	.	.	.	.	.	.	.	.	.	.	.	.	.	.	.	.	.	.	.	.	.	.	.	.	.	.	.	.	.	.	.	.	.	.	.	.	.	.	.	.	.	.	.	.	.	.	.	.	.	.	.	.	.	.	.	.	.	.	.	.	.	.	.	.	.	.	.	.	.	pinger.vu.edu.pk	PK	South_Asia	cae.seecs.edu.pk	PK	South_Asia
PK.VU.EDU	PK.CEMB.EDU.N2	?M	.	.	.	.	405862.843	.	.	.	.	.	.	.	.	.	.	476810.114	161514.363	449439.342	152477.949	.	28838.154	98734.798	10947.028	297463.257	525586.597	65681.580	136967.601	.	.	.	.	.	.	.	.	.	.	.	.	.	.	.	.	.	.	.	.	.	.	.	.	.	.	.	.	.	.	.	.	.	.	.	.	.	.	.	.	.	.	.	.	.	.	.	.	.	.	.	.	.	.	.	.	.	.	.	.	.	.	.	.	.	.	.	.	.	.	.	.	.	.	.	.	.	.	.	.	.	.	.	.	.	.	.	.	.	.	.	.	.	.	.	.	.	.	.	.	.	.	.	.	.	.	.	.	.	.	.	.	.	.	.	.	.	.	.	.	.	.	.	.	.	.	.	.	.	.	.	.	.	.	.	.	.	.	.	.	.	.	.	.	.	.	.	.	.	.	.	.	.	.	.	.	.	.	.	.	pinger.vu.edu.pk	PK	South_Asia	pinger.cemb.edu.pk	PK	South_Asia
PK.VU.EDU	PK.COMSATS.EDU.N2	?M	.	.	.	.	10915.855	.	.	.	.	.	.	.	.	.	.	1970.971	3691.990	2563.154	2668.035	.	9708.663	3236.214	1620.235	2361.047	3867.578	3347.695	1985.657	.	.	.	.	.	.	.	.	.	.	.	.	.	.	.	.	.	.	.	.	.	.	.	.	.	.	.	.	.	.	.	.	.	.	.	.	.	.	.	.	.	.	.	.	.	.	.	.	.	.	.	.	.	.	.	.	.	.	.	.	.	.	.	.	.	.	.	.	.	.	.	.	.	.	.	.	.	.	.	.	.	.	.	.	.	.	.	.	.	.	.	.	.	.	.	.	.	.	.	.	.	.	.	.	.	.	.	.	.	.	.	.	.	.	.	.	.	.	.	.	.	.	.	.	.	.	.	.	.	.	.	.	.	.	.	.	.	.	.	.	.	.	.	.	.	.	.	.	.	.	.	.	.	.	.	.	.	.	.	.	pinger.vu.edu.pk	PK	South_Asia	pinger.comsats.edu.pk	PK	South_Asia
PK.VU.EDU	PK.DUHS.SEECS.EDU.PK	?M	.	.	.	.	.	.	.	.	.	.	.	.	.	.	.	17109.104	7562.667	8869.376	7996.469	.	21187.907	12377.881	12465.770	23587.741	14939.305	.	.	.	.	.	.	.	.	.	.	.	.	.	.	.	.	.	.	.	.	.	.	.	.	.	.	.	.	.	.	.	.	.	.	.	.	.	.	.	.	.	.	.	.	.	.	.	.	.	.	.	.	.	.	.	.	.	.	.	.	.	.	.	.	.	.	.	.	.	.	.	.	.	.	.	.	.	.	.	.	.	.	.	.	.	.	.	.	.	.	.	.	.	.	.	.	.	.	.	.	.	.	.	.	.	.	.	.	.	.	.	.	.	.	.	.	.	.	.	.	.	.	.	.	.	.	.	.	.	.	.	.	.	.	.	.	.	.	.	.	.	.	.	.	.	.	.	.	.	.	.	.	.	.	.	.	.	.	.	.	.	.	pinger.vu.edu.pk	PK	South_Asia	duhs.seecs.edu.pk	PK	South_Asia
PK.VU.EDU	PK.GIKI.EDU.N1	?M	.	.	.	.	8138.758	.	.	.	.	.	.	.	.	.	.	2861.238	2395.072	6850.574	.	.	.	.	.	.	.	.	1307.210	.	.	.	.	.	.	.	.	.	.	.	.	.	.	.	.	.	.	.	.	.	.	.	.	.	.	.	.	.	.	.	.	.	.	.	.	.	.	.	.	.	.	.	.	.	.	.	.	.	.	.	.	.	.	.	.	.	.	.	.	.	.	.	.	.	.	.	.	.	.	.	.	.	.	.	.	.	.	.	.	.	.	.	.	.	.	.	.	.	.	.	.	.	.	.	.	.	.	.	.	.	.	.	.	.	.	.	.	.	.	.	.	.	.	.	.	.	.	.	.	.	.	.	.	.	.	.	.	.	.	.	.	.	.	.	.	.	.	.	.	.	.	.	.	.	.	.	.	.	.	.	.	.	.	.	.	.	.	.	.	pinger.vu.edu.pk	PK	South_Asia	pinger.giki.edu.pk	PK	South_Asia
PK.VU.EDU	PK.HU.EDU.N2	?r	.	.	.	.	.	.	.	.	.	.	.	.	.	.	.	.	.	.	.	.	734.021	1767.554	1137.313	1271.528	2845.246	1518.167	1411.599	.	.	.	.	.	.	.	.	.	.	.	.	.	.	.	.	.	.	.	.	.	.	.	.	.	.	.	.	.	.	.	.	.	.	.	.	.	.	.	.	.	.	.	.	.	.	.	.	.	.	.	.	.	.	.	.	.	.	.	.	.	.	.	.	.	.	.	.	.	.	.	.	.	.	.	.	.	.	.	.	.	.	.	.	.	.	.	.	.	.	.	.	.	.	.	.	.	.	.	.	.	.	.	.	.	.	.	.	.	.	.	.	.	.	.	.	.	.	.	.	.	.	.	.	.	.	.	.	.	.	.	.	.	.	.	.	.	.	.	.	.	.	.	.	.	.	.	.	.	.	.	.	.	.	.	.	.	.	.	.	pinger.vu.edu.pk	PK	South_Asia	hu.seecs.edu.pk	PK	South_Asia
PK.VU.EDU	PK.IIU.EDU.N2	?M	.	.	.	.	.	.	.	.	.	.	.	.	.	.	.	16997.071	11176.599	14195.984	5740.876	.	2885.559	8742.930	2526.259	10125.356	10005.997	5206.304	7383.551	.	.	.	.	.	.	.	.	.	.	.	.	.	.	.	.	.	.	.	.	.	.	.	.	.	.	.	.	.	.	.	.	.	.	.	.	.	.	.	.	.	.	.	.	.	.	.	.	.	.	.	.	.	.	.	.	.	.	.	.	.	.	.	.	.	.	.	.	.	.	.	.	.	.	.	.	.	.	.	.	.	.	.	.	.	.	.	.	.	.	.	.	.	.	.	.	.	.	.	.	.	.	.	.	.	.	.	.	.	.	.	.	.	.	.	.	.	.	.	.	.	.	.	.	.	.	.	.	.	.	.	.	.	.	.	.	.	.	.	.	.	.	.	.	.	.	.	.	.	.	.	.	.	.	.	.	.	.	.	.	pinger.vu.edu.pk	PK	South_Asia	vle.iiu.edu.pk	PK	South_Asia
PK.VU.EDU	PK.ISRA.EDU.N2	?M	.	.	.	.	.	.	.	.	.	.	.	.	.	.	.	13393.628	6431.075	4255.241	4178.401	.	17606.360	8998.347	1650.981	1513.071	850.024	4412.033	2466.666	.	.	.	.	.	.	.	.	.	.	.	.	.	.	.	.	.	.	.	.	.	.	.	.	.	.	.	.	.	.	.	.	.	.	.	.	.	.	.	.	.	.	.	.	.	.	.	.	.	.	.	.	.	.	.	.	.	.	.	.	.	.	.	.	.	.	.	.	.	.	.	.	.	.	.	.	.	.	.	.	.	.	.	.	.	.	.	.	.	.	.	.	.	.	.	.	.	.	.	.	.	.	.	.	.	.	.	.	.	.	.	.	.	.	.	.	.	.	.	.	.	.	.	.	.	.	.	.	.	.	.	.	.	.	.	.	.	.	.	.	.	.	.	.	.	.	.	.	.	.	.	.	.	.	.	.	.	.	.	.	pinger.vu.edu.pk	PK	South_Asia	pinger.isra.edu.pk	PK	South_Asia
PK.VU.EDU	PK.KINNAIRD.SEECS.EDU	?M	.	.	.	.	.	.	.	.	.	.	.	.	.	.	.	360238.262	224882.527	345474.466	127379.306	.	.	79289.561	19314.196	52749.746	70176.351	165077.184	.	.	.	.	.	.	.	.	.	.	.	.	.	.	.	.	.	.	.	.	.	.	.	.	.	.	.	.	.	.	.	.	.	.	.	.	.	.	.	.	.	.	.	.	.	.	.	.	.	.	.	.	.	.	.	.	.	.	.	.	.	.	.	.	.	.	.	.	.	.	.	.	.	.	.	.	.	.	.	.	.	.	.	.	.	.	.	.	.	.	.	.	.	.	.	.	.	.	.	.	.	.	.	.	.	.	.	.	.	.	.	.	.	.	.	.	.	.	.	.	.	.	.	.	.	.	.	.	.	.	.	.	.	.	.	.	.	.	.	.	.	.	.	.	.	.	.	.	.	.	.	.	.	.	.	.	.	.	.	.	.	pinger.vu.edu.pk	PK	South_Asia	kinnaird.seecs.edu.pk	PK	South_Asia
PK.VU.EDU	PK.KOHAT.EDU.N2	?M	.	.	.	.	.	.	.	.	.	.	.	.	.	.	.	7671.969	4323.674	7052.727	3402.971	.	6927.843	413.522	350.699	579.736	1070.879	877.654	314.492	.	.	.	.	.	.	.	.	.	.	.	.	.	.	.	.	.	.	.	.	.	.	.	.	.	.	.	.	.	.	.	.	.	.	.	.	.	.	.	.	.	.	.	.	.	.	.	.	.	.	.	.	.	.	.	.	.	.	.	.	.	.	.	.	.	.	.	.	.	.	.	.	.	.	.	.	.	.	.	.	.	.	.	.	.	.	.	.	.	.	.	.	.	.	.	.	.	.	.	.	.	.	.	.	.	.	.	.	.	.	.	.	.	.	.	.	.	.	.	.	.	.	.	.	.	.	.	.	.	.	.	.	.	.	.	.	.	.	.	.	.	.	.	.	.	.	.	.	.	.	.	.	.	.	.	.	.	.	.	.	pinger.vu.edu.pk	PK	South_Asia	pinger.kohat.edu.pk	PK	South_Asia
PK.VU.EDU	PK.LCWU.EDU.N2	?M	.	.	.	.	274197.102	.	.	.	.	.	.	.	.	.	.	351511.090	309828.153	314275.092	104646.691	.	31441.026	128520.250	9168.169	225501.710	349974.050	70367.040	364194.164	.	.	.	.	.	.	.	.	.	.	.	.	.	.	.	.	.	.	.	.	.	.	.	.	.	.	.	.	.	.	.	.	.	.	.	.	.	.	.	.	.	.	.	.	.	.	.	.	.	.	.	.	.	.	.	.	.	.	.	.	.	.	.	.	.	.	.	.	.	.	.	.	.	.	.	.	.	.	.	.	.	.	.	.	.	.	.	.	.	.	.	.	.	.	.	.	.	.	.	.	.	.	.	.	.	.	.	.	.	.	.	.	.	.	.	.	.	.	.	.	.	.	.	.	.	.	.	.	.	.	.	.	.	.	.	.	.	.	.	.	.	.	.	.	.	.	.	.	.	.	.	.	.	.	.	.	.	.	.	.	pinger.vu.edu.pk	PK	South_Asia	pinger.lcwu.edu.pk	PK	South_Asia
PK.VU.EDU	PK.LSE.EDU.N3	?r	.	.	.	.	326670.094	.	.	.	.	.	.	.	.	.	.	.	.	.	.	.	17077.369	171351.112	95441.654	251546.591	135586.731	45787.415	353972.541	.	.	.	.	.	.	.	.	.	.	.	.	.	.	.	.	.	.	.	.	.	.	.	.	.	.	.	.	.	.	.	.	.	.	.	.	.	.	.	.	.	.	.	.	.	.	.	.	.	.	.	.	.	.	.	.	.	.	.	.	.	.	.	.	.	.	.	.	.	.	.	.	.	.	.	.	.	.	.	.	.	.	.	.	.	.	.	.	.	.	.	.	.	.	.	.	.	.	.	.	.	.	.	.	.	.	.	.	.	.	.	.	.	.	.	.	.	.	.	.	.	.	.	.	.	.	.	.	.	.	.	.	.	.	.	.	.	.	.	.	.	.	.	.	.	.	.	.	.	.	.	.	.	.	.	.	.	.	.	.	pinger.vu.edu.pk	PK	South_Asia	lse.seecs.edu.pk	PK	South_Asia
PK.VU.EDU	PK.NCA.EDU.N2	?M	.	.	.	.	337214.641	.	.	.	.	.	.	.	.	.	.	413084.602	328234.666	256945.435	128452.806	.	30817.752	233717.939	32479.380	108373.858	271283.424	195248.534	385922.039	.	.	.	.	.	.	.	.	.	.	.	.	.	.	.	.	.	.	.	.	.	.	.	.	.	.	.	.	.	.	.	.	.	.	.	.	.	.	.	.	.	.	.	.	.	.	.	.	.	.	.	.	.	.	.	.	.	.	.	.	.	.	.	.	.	.	.	.	.	.	.	.	.	.	.	.	.	.	.	.	.	.	.	.	.	.	.	.	.	.	.	.	.	.	.	.	.	.	.	.	.	.	.	.	.	.	.	.	.	.	.	.	.	.	.	.	.	.	.	.	.	.	.	.	.	.	.	.	.	.	.	.	.	.	.	.	.	.	.	.	.	.	.	.	.	.	.	.	.	.	.	.	.	.	.	.	.	.	.	.	pinger.vu.edu.pk	PK	South_Asia	pinger.nca.edu.pk	PK	South_Asia
PK.VU.EDU	PK.NCP.EDU.N3	?M	.	.	.	.	59847.099	.	.	.	.	.	.	.	.	.	.	8458.195	6787.481	8016.829	4629.671	.	31159.691	9585.211	3502.414	15754.092	8159.099	6306.870	3448.096	.	.	.	.	.	.	.	.	.	.	.	.	.	.	.	.	.	.	.	.	.	.	.	.	.	.	.	.	.	.	.	.	.	.	.	.	.	.	.	.	.	.	.	.	.	.	.	.	.	.	.	.	.	.	.	.	.	.	.	.	.	.	.	.	.	.	.	.	.	.	.	.	.	.	.	.	.	.	.	.	.	.	.	.	.	.	.	.	.	.	.	.	.	.	.	.	.	.	.	.	.	.	.	.	.	.	.	.	.	.	.	.	.	.	.	.	.	.	.	.	.	.	.	.	.	.	.	.	.	.	.	.	.	.	.	.	.	.	.	.	.	.	.	.	.	.	.	.	.	.	.	.	.	.	.	.	.	.	.	.	pinger.vu.edu.pk	PK	South_Asia	pinger-ncp.ncp.edu.pk	PK	South_Asia
PK.VU.EDU	PK.NEDUET.EDU.N1	?M	.	.	.	.	.	.	.	.	.	.	.	.	.	.	.	.	.	.	.	.	.	271.907	.	236.941	.	280.743	9975.605	.	.	.	.	.	.	.	.	.	.	.	.	.	.	.	.	.	.	.	.	.	.	.	.	.	.	.	.	.	.	.	.	.	.	.	.	.	.	.	.	.	.	.	.	.	.	.	.	.	.	.	.	.	.	.	.	.	.	.	.	.	.	.	.	.	.	.	.	.	.	.	.	.	.	.	.	.	.	.	.	.	.	.	.	.	.	.	.	.	.	.	.	.	.	.	.	.	.	.	.	.	.	.	.	.	.	.	.	.	.	.	.	.	.	.	.	.	.	.	.	.	.	.	.	.	.	.	.	.	.	.	.	.	.	.	.	.	.	.	.	.	.	.	.	.	.	.	.	.	.	.	.	.	.	.	.	.	.	.	.	pinger.vu.edu.pk	PK	South_Asia	npm.neduet.edu.pk	PK	South_Asia
PK.VU.EDU	PK.NU.EDU.N2	?M	.	.	.	.	499374.263	.	.	.	.	.	.	.	.	.	.	519230.099	374362.704	484925.403	142376.400	.	17859.797	175931.118	71427.262	255930.107	294517.715	46618.864	188837.363	.	.	.	.	.	.	.	.	.	.	.	.	.	.	.	.	.	.	.	.	.	.	.	.	.	.	.	.	.	.	.	.	.	.	.	.	.	.	.	.	.	.	.	.	.	.	.	.	.	.	.	.	.	.	.	.	.	.	.	.	.	.	.	.	.	.	.	.	.	.	.	.	.	.	.	.	.	.	.	.	.	.	.	.	.	.	.	.	.	.	.	.	.	.	.	.	.	.	.	.	.	.	.	.	.	.	.	.	.	.	.	.	.	.	.	.	.	.	.	.	.	.	.	.	.	.	.	.	.	.	.	.	.	.	.	.	.	.	.	.	.	.	.	.	.	.	.	.	.	.	.	.	.	.	.	.	.	.	.	.	pinger.vu.edu.pk	PK	South_Asia	pinger.lhr.nu.edu.pk	PK	South_Asia
PK.VU.EDU	PK.NUISB.SEECS.EDU	?M	.	.	.	.	.	.	.	.	.	.	.	.	.	.	.	16692.620	5932.896	8374.681	4277.898	.	29702.347	6409.111	4466.409	15901.066	14544.565	16706.288	.	.	.	.	.	.	.	.	.	.	.	.	.	.	.	.	.	.	.	.	.	.	.	.	.	.	.	.	.	.	.	.	.	.	.	.	.	.	.	.	.	.	.	.	.	.	.	.	.	.	.	.	.	.	.	.	.	.	.	.	.	.	.	.	.	.	.	.	.	.	.	.	.	.	.	.	.	.	.	.	.	.	.	.	.	.	.	.	.	.	.	.	.	.	.	.	.	.	.	.	.	.	.	.	.	.	.	.	.	.	.	.	.	.	.	.	.	.	.	.	.	.	.	.	.	.	.	.	.	.	.	.	.	.	.	.	.	.	.	.	.	.	.	.	.	.	.	.	.	.	.	.	.	.	.	.	.	.	.	.	.	pinger.vu.edu.pk	PK	South_Asia	nuisb.seecs.edu.pk	PK	South_Asia
PK.VU.EDU	PK.NUKHIMAIN.SEECS.EDU	?M	.	.	.	.	.	.	.	.	.	.	.	.	.	.	.	22792.926	5624.981	8334.387	9009.321	.	21673.187	1788.454	3472.834	5960.116	5555.412	988.727	.	.	.	.	.	.	.	.	.	.	.	.	.	.	.	.	.	.	.	.	.	.	.	.	.	.	.	.	.	.	.	.	.	.	.	.	.	.	.	.	.	.	.	.	.	.	.	.	.	.	.	.	.	.	.	.	.	.	.	.	.	.	.	.	.	.	.	.	.	.	.	.	.	.	.	.	.	.	.	.	.	.	.	.	.	.	.	.	.	.	.	.	.	.	.	.	.	.	.	.	.	.	.	.	.	.	.	.	.	.	.	.	.	.	.	.	.	.	.	.	.	.	.	.	.	.	.	.	.	.	.	.	.	.	.	.	.	.	.	.	.	.	.	.	.	.	.	.	.	.	.	.	.	.	.	.	.	.	.	.	.	pinger.vu.edu.pk	PK	South_Asia	nukhimain.seecs.edu.pk	PK	South_Asia
PK.VU.EDU	PK.NUML.EDU	?M	.	.	.	.	.	.	.	.	.	.	.	.	.	.	.	.	3981.898	4759.175	3829.185	.	29011.135	5402.268	2198.092	3876.899	5093.357	4993.735	.	.	.	.	.	.	.	.	.	.	.	.	.	.	.	.	.	.	.	.	.	.	.	.	.	.	.	.	.	.	.	.	.	.	.	.	.	.	.	.	.	.	.	.	.	.	.	.	.	.	.	.	.	.	.	.	.	.	.	.	.	.	.	.	.	.	.	.	.	.	.	.	.	.	.	.	.	.	.	.	.	.	.	.	.	.	.	.	.	.	.	.	.	.	.	.	.	.	.	.	.	.	.	.	.	.	.	.	.	.	.	.	.	.	.	.	.	.	.	.	.	.	.	.	.	.	.	.	.	.	.	.	.	.	.	.	.	.	.	.	.	.	.	.	.	.	.	.	.	.	.	.	.	.	.	.	.	.	.	.	.	pinger.vu.edu.pk	PK	South_Asia	pinger.numl.edu.pk	PK	South_Asia
PK.VU.EDU	PK.NWFPUET.EDU.N1	?M	.	.	.	.	.	.	.	.	.	.	.	.	.	.	.	957.694	867.714	791.781	2279.136	.	9873.646	4361.755	2786.205	4159.864	8229.667	4435.705	1999.655	.	.	.	.	.	.	.	.	.	.	.	.	.	.	.	.	.	.	.	.	.	.	.	.	.	.	.	.	.	.	.	.	.	.	.	.	.	.	.	.	.	.	.	.	.	.	.	.	.	.	.	.	.	.	.	.	.	.	.	.	.	.	.	.	.	.	.	.	.	.	.	.	.	.	.	.	.	.	.	.	.	.	.	.	.	.	.	.	.	.	.	.	.	.	.	.	.	.	.	.	.	.	.	.	.	.	.	.	.	.	.	.	.	.	.	.	.	.	.	.	.	.	.	.	.	.	.	.	.	.	.	.	.	.	.	.	.	.	.	.	.	.	.	.	.	.	.	.	.	.	.	.	.	.	.	.	.	.	.	.	pinger.vu.edu.pk	PK	South_Asia	pinger.nwfpuet.edu.pk	PK	South_Asia
PK.VU.EDU	PK.PERN.EDU.N1	?M	.	.	.	.	.	.	.	.	.	.	.	.	.	.	.	.	.	16272.879	5285.824	.	15666.291	6802.108	3897.505	8912.448	8074.232	9828.358	8882.501	.	.	.	.	.	.	.	.	.	.	.	.	.	.	.	.	.	.	.	.	.	.	.	.	.	.	.	.	.	.	.	.	.	.	.	.	.	.	.	.	.	.	.	.	.	.	.	.	.	.	.	.	.	.	.	.	.	.	.	.	.	.	.	.	.	.	.	.	.	.	.	.	.	.	.	.	.	.	.	.	.	.	.	.	.	.	.	.	.	.	.	.	.	.	.	.	.	.	.	.	.	.	.	.	.	.	.	.	.	.	.	.	.	.	.	.	.	.	.	.	.	.	.	.	.	.	.	.	.	.	.	.	.	.	.	.	.	.	.	.	.	.	.	.	.	.	.	.	.	.	.	.	.	.	.	.	.	.	.	.	pinger.vu.edu.pk	PK	South_Asia	pinger.pern.edu.pk	PK	South_Asia
PK.VU.EDU	PK.PERNFSBDPOP.EDU.N1	?M	.	.	.	.	.	.	.	.	.	.	.	.	.	.	.	8140.428	4955.321	5531.121	3510.675	.	10517.905	1555.569	860.644	1132.578	1276.891	1240.136	.	.	.	.	.	.	.	.	.	.	.	.	.	.	.	.	.	.	.	.	.	.	.	.	.	.	.	.	.	.	.	.	.	.	.	.	.	.	.	.	.	.	.	.	.	.	.	.	.	.	.	.	.	.	.	.	.	.	.	.	.	.	.	.	.	.	.	.	.	.	.	.	.	.	.	.	.	.	.	.	.	.	.	.	.	.	.	.	.	.	.	.	.	.	.	.	.	.	.	.	.	.	.	.	.	.	.	.	.	.	.	.	.	.	.	.	.	.	.	.	.	.	.	.	.	.	.	.	.	.	.	.	.	.	.	.	.	.	.	.	.	.	.	.	.	.	.	.	.	.	.	.	.	.	.	.	.	.	.	.	.	pinger.vu.edu.pk	PK	South_Asia	pingerfsbd.pern.edu.pk	PK	South_Asia
PK.VU.EDU	PK.PERNKHIPOP.EDU.N2	?M	.	.	.	.	26358.454	.	.	.	.	.	.	.	.	.	.	23770.529	11861.253	9658.762	8140.353	.	19454.932	14207.227	3875.794	12437.717	16384.891	6984.970	5641.625	.	.	.	.	.	.	.	.	.	.	.	.	.	.	.	.	.	.	.	.	.	.	.	.	.	.	.	.	.	.	.	.	.	.	.	.	.	.	.	.	.	.	.	.	.	.	.	.	.	.	.	.	.	.	.	.	.	.	.	.	.	.	.	.	.	.	.	.	.	.	.	.	.	.	.	.	.	.	.	.	.	.	.	.	.	.	.	.	.	.	.	.	.	.	.	.	.	.	.	.	.	.	.	.	.	.	.	.	.	.	.	.	.	.	.	.	.	.	.	.	.	.	.	.	.	.	.	.	.	.	.	.	.	.	.	.	.	.	.	.	.	.	.	.	.	.	.	.	.	.	.	.	.	.	.	.	.	.	.	.	pinger.vu.edu.pk	PK	South_Asia	pingerkhi.pern.edu.pk	PK	South_Asia
PK.VU.EDU	PK.PERNLHRPOP.EDU.N1	?M	.	.	.	.	415880.159	.	.	.	.	.	.	.	.	.	.	301585.150	316457.942	349847.896	123272.237	.	30223.079	227604.660	13753.337	262240.433	330302.314	69992.012	.	.	.	.	.	.	.	.	.	.	.	.	.	.	.	.	.	.	.	.	.	.	.	.	.	.	.	.	.	.	.	.	.	.	.	.	.	.	.	.	.	.	.	.	.	.	.	.	.	.	.	.	.	.	.	.	.	.	.	.	.	.	.	.	.	.	.	.	.	.	.	.	.	.	.	.	.	.	.	.	.	.	.	.	.	.	.	.	.	.	.	.	.	.	.	.	.	.	.	.	.	.	.	.	.	.	.	.	.	.	.	.	.	.	.	.	.	.	.	.	.	.	.	.	.	.	.	.	.	.	.	.	.	.	.	.	.	.	.	.	.	.	.	.	.	.	.	.	.	.	.	.	.	.	.	.	.	.	.	.	.	pinger.vu.edu.pk	PK	South_Asia	pingerlhr.pern.edu.pk	PK	South_Asia
PK.VU.EDU	PK.PERNMTNPOP.EDU.N2	?M	.	24200.039	.	3795.083	.	.	.	.	.	.	.	.	.	.	.	5136.273	2945.825	4514.207	2395.416	.	10001.254	3982.611	9830.658	9925.496	9947.353	3823.280	1877.544	.	.	.	.	.	.	.	.	.	.	.	.	.	.	.	.	.	.	.	.	.	.	.	.	.	.	.	.	.	.	.	.	.	.	.	.	.	.	.	.	.	.	.	.	.	.	.	.	.	.	.	.	.	.	.	.	.	.	.	.	.	.	.	.	.	.	.	.	.	.	.	.	.	.	.	.	.	.	.	.	.	.	.	.	.	.	.	.	.	.	.	.	.	.	.	.	.	.	.	.	.	.	.	.	.	.	.	.	.	.	.	.	.	.	.	.	.	.	.	.	.	.	.	.	.	.	.	.	.	.	.	.	.	.	.	.	.	.	.	.	.	.	.	.	.	.	.	.	.	.	.	.	.	.	.	.	.	.	.	.	pinger.vu.edu.pk	PK	South_Asia	pingermtn.pern.edu.pk	PK	South_Asia
PK.VU.EDU	PK.PERNPWRPOP.EDU.N2	?M	.	.	.	.	.	.	.	.	.	.	.	.	.	.	.	5675.654	4657.585	7633.714	2161.039	.	10350.751	3709.371	1921.598	2280.272	3663.883	1928.305	.	.	.	.	.	.	.	.	.	.	.	.	.	.	.	.	.	.	.	.	.	.	.	.	.	.	.	.	.	.	.	.	.	.	.	.	.	.	.	.	.	.	.	.	.	.	.	.	.	.	.	.	.	.	.	.	.	.	.	.	.	.	.	.	.	.	.	.	.	.	.	.	.	.	.	.	.	.	.	.	.	.	.	.	.	.	.	.	.	.	.	.	.	.	.	.	.	.	.	.	.	.	.	.	.	.	.	.	.	.	.	.	.	.	.	.	.	.	.	.	.	.	.	.	.	.	.	.	.	.	.	.	.	.	.	.	.	.	.	.	.	.	.	.	.	.	.	.	.	.	.	.	.	.	.	.	.	.	.	.	.	pinger.vu.edu.pk	PK	South_Asia	pingerpwr.pern.edu.pk	PK	South_Asia
PK.VU.EDU	PK.PERNSINDHUPOP.EDU.N2	?M	.	.	.	.	20142.892	.	.	.	.	.	.	.	.	.	.	1843.940	1410.659	1076.915	808.159	.	1246.276	.	.	1051.925	.	1094.533	.	.	.	.	.	.	.	.	.	.	.	.	.	.	.	.	.	.	.	.	.	.	.	.	.	.	.	.	.	.	.	.	.	.	.	.	.	.	.	.	.	.	.	.	.	.	.	.	.	.	.	.	.	.	.	.	.	.	.	.	.	.	.	.	.	.	.	.	.	.	.	.	.	.	.	.	.	.	.	.	.	.	.	.	.	.	.	.	.	.	.	.	.	.	.	.	.	.	.	.	.	.	.	.	.	.	.	.	.	.	.	.	.	.	.	.	.	.	.	.	.	.	.	.	.	.	.	.	.	.	.	.	.	.	.	.	.	.	.	.	.	.	.	.	.	.	.	.	.	.	.	.	.	.	.	.	.	.	.	.	.	pinger.vu.edu.pk	PK	South_Asia	pingerjms.pern.edu.pk	PK	South_Asia
PK.VU.EDU	PK.PINGER.IBA-SUK.EDU	?M	.	.	.	.	.	.	.	.	.	.	.	.	.	.	.	1033.900	710.905	879.977	654.553	.	4331.905	1043.893	1354.122	1577.768	3870.135	6185.128	.	.	.	.	.	.	.	.	.	.	.	.	.	.	.	.	.	.	.	.	.	.	.	.	.	.	.	.	.	.	.	.	.	.	.	.	.	.	.	.	.	.	.	.	.	.	.	.	.	.	.	.	.	.	.	.	.	.	.	.	.	.	.	.	.	.	.	.	.	.	.	.	.	.	.	.	.	.	.	.	.	.	.	.	.	.	.	.	.	.	.	.	.	.	.	.	.	.	.	.	.	.	.	.	.	.	.	.	.	.	.	.	.	.	.	.	.	.	.	.	.	.	.	.	.	.	.	.	.	.	.	.	.	.	.	.	.	.	.	.	.	.	.	.	.	.	.	.	.	.	.	.	.	.	.	.	.	.	.	.	.	pinger.vu.edu.pk	PK	South_Asia	pinger.iba-suk.edu.pk	PK	South_Asia
PK.VU.EDU	PK.PINGERISL-FJWU.PERN.EDU	?M	.	.	.	.	.	.	.	.	.	.	.	.	.	.	.	.	.	.	2810.140	.	15609.176	11262.170	2747.302	3632.627	.	.	.	.	.	.	.	.	.	.	.	.	.	.	.	.	.	.	.	.	.	.	.	.	.	.	.	.	.	.	.	.	.	.	.	.	.	.	.	.	.	.	.	.	.	.	.	.	.	.	.	.	.	.	.	.	.	.	.	.	.	.	.	.	.	.	.	.	.	.	.	.	.	.	.	.	.	.	.	.	.	.	.	.	.	.	.	.	.	.	.	.	.	.	.	.	.	.	.	.	.	.	.	.	.	.	.	.	.	.	.	.	.	.	.	.	.	.	.	.	.	.	.	.	.	.	.	.	.	.	.	.	.	.	.	.	.	.	.	.	.	.	.	.	.	.	.	.	.	.	.	.	.	.	.	.	.	.	.	.	.	.	.	pinger.vu.edu.pk	PK	South_Asia	pingerisl-fjwu.pern.edu.pk	PK	South_Asia
PK.VU.EDU	PK.PINGERISL-QAU.PERN.EDU	?M	.	.	.	.	.	.	.	.	.	.	.	.	.	.	.	.	.	.	3425.272	.	3268.722	11295.835	1841.249	16244.060	.	.	.	.	.	.	.	.	.	.	.	.	.	.	.	.	.	.	.	.	.	.	.	.	.	.	.	.	.	.	.	.	.	.	.	.	.	.	.	.	.	.	.	.	.	.	.	.	.	.	.	.	.	.	.	.	.	.	.	.	.	.	.	.	.	.	.	.	.	.	.	.	.	.	.	.	.	.	.	.	.	.	.	.	.	.	.	.	.	.	.	.	.	.	.	.	.	.	.	.	.	.	.	.	.	.	.	.	.	.	.	.	.	.	.	.	.	.	.	.	.	.	.	.	.	.	.	.	.	.	.	.	.	.	.	.	.	.	.	.	.	.	.	.	.	.	.	.	.	.	.	.	.	.	.	.	.	.	.	.	.	.	.	pinger.vu.edu.pk	PK	South_Asia	pingerisl-qau.pern.edu.pk	PK	South_Asia
PK.VU.EDU	PK.PINGERKHI-CPSP.PERN.EDU	?M	.	.	.	.	.	.	.	.	.	.	.	.	.	.	.	17062.237	12317.199	7010.353	7003.880	.	2093.261	12973.453	6250.961	.	.	.	.	.	.	.	.	.	.	.	.	.	.	.	.	.	.	.	.	.	.	.	.	.	.	.	.	.	.	.	.	.	.	.	.	.	.	.	.	.	.	.	.	.	.	.	.	.	.	.	.	.	.	.	.	.	.	.	.	.	.	.	.	.	.	.	.	.	.	.	.	.	.	.	.	.	.	.	.	.	.	.	.	.	.	.	.	.	.	.	.	.	.	.	.	.	.	.	.	.	.	.	.	.	.	.	.	.	.	.	.	.	.	.	.	.	.	.	.	.	.	.	.	.	.	.	.	.	.	.	.	.	.	.	.	.	.	.	.	.	.	.	.	.	.	.	.	.	.	.	.	.	.	.	.	.	.	.	.	.	.	.	.	pinger.vu.edu.pk	PK	South_Asia	pingerkhi-cpsp.pern.edu.pk	PK	South_Asia
PK.VU.EDU	PK.PINGERKHI-UOK.PERN.EDU	?M	.	.	.	.	.	.	.	.	.	.	.	.	.	.	.	4670.021	4542.296	7736.063	6104.449	.	19144.754	11789.974	2380.677	.	.	.	.	.	.	.	.	.	.	.	.	.	.	.	.	.	.	.	.	.	.	.	.	.	.	.	.	.	.	.	.	.	.	.	.	.	.	.	.	.	.	.	.	.	.	.	.	.	.	.	.	.	.	.	.	.	.	.	.	.	.	.	.	.	.	.	.	.	.	.	.	.	.	.	.	.	.	.	.	.	.	.	.	.	.	.	.	.	.	.	.	.	.	.	.	.	.	.	.	.	.	.	.	.	.	.	.	.	.	.	.	.	.	.	.	.	.	.	.	.	.	.	.	.	.	.	.	.	.	.	.	.	.	.	.	.	.	.	.	.	.	.	.	.	.	.	.	.	.	.	.	.	.	.	.	.	.	.	.	.	.	.	.	pinger.vu.edu.pk	PK	South_Asia	pingerkhi-uok.pern.edu.pk	PK	South_Asia
PK.VU.EDU	PK.PINGERLHR-GCU.PERN.EDU	?M	.	.	.	.	.	.	.	.	.	.	.	.	.	.	.	447980.686	421232.766	420830.341	170871.547	.	29543.592	293909.420	131989.912	.	.	.	.	.	.	.	.	.	.	.	.	.	.	.	.	.	.	.	.	.	.	.	.	.	.	.	.	.	.	.	.	.	.	.	.	.	.	.	.	.	.	.	.	.	.	.	.	.	.	.	.	.	.	.	.	.	.	.	.	.	.	.	.	.	.	.	.	.	.	.	.	.	.	.	.	.	.	.	.	.	.	.	.	.	.	.	.	.	.	.	.	.	.	.	.	.	.	.	.	.	.	.	.	.	.	.	.	.	.	.	.	.	.	.	.	.	.	.	.	.	.	.	.	.	.	.	.	.	.	.	.	.	.	.	.	.	.	.	.	.	.	.	.	.	.	.	.	.	.	.	.	.	.	.	.	.	.	.	.	.	.	.	.	pinger.vu.edu.pk	PK	South_Asia	pingerlhr-gcu.pern.edu.pk	PK	South_Asia
PK.VU.EDU	PK.PINGERLHR-PU.PERN.EDU	?M	.	.	.	.	.	.	.	.	.	.	.	.	.	.	.	606673.031	523644.117	536768.982	222601.871	.	31194.116	189784.957	13082.343	.	.	.	.	.	.	.	.	.	.	.	.	.	.	.	.	.	.	.	.	.	.	.	.	.	.	.	.	.	.	.	.	.	.	.	.	.	.	.	.	.	.	.	.	.	.	.	.	.	.	.	.	.	.	.	.	.	.	.	.	.	.	.	.	.	.	.	.	.	.	.	.	.	.	.	.	.	.	.	.	.	.	.	.	.	.	.	.	.	.	.	.	.	.	.	.	.	.	.	.	.	.	.	.	.	.	.	.	.	.	.	.	.	.	.	.	.	.	.	.	.	.	.	.	.	.	.	.	.	.	.	.	.	.	.	.	.	.	.	.	.	.	.	.	.	.	.	.	.	.	.	.	.	.	.	.	.	.	.	.	.	.	.	.	pinger.vu.edu.pk	PK	South_Asia	pingerlhr-pu.pern.edu.pk	PK	South_Asia
PK.VU.EDU	PK.PINGERQTA.PERN.EDU.N2	?M	.	.	.	.	1145.484	.	.	.	.	.	.	.	.	.	.	3369.264	1643.209	925.119	2193.355	.	1369.766	5370.455	3502.241	8606.670	4008.136	3007.536	1785.087	.	.	.	.	.	.	.	.	.	.	.	.	.	.	.	.	.	.	.	.	.	.	.	.	.	.	.	.	.	.	.	.	.	.	.	.	.	.	.	.	.	.	.	.	.	.	.	.	.	.	.	.	.	.	.	.	.	.	.	.	.	.	.	.	.	.	.	.	.	.	.	.	.	.	.	.	.	.	.	.	.	.	.	.	.	.	.	.	.	.	.	.	.	.	.	.	.	.	.	.	.	.	.	.	.	.	.	.	.	.	.	.	.	.	.	.	.	.	.	.	.	.	.	.	.	.	.	.	.	.	.	.	.	.	.	.	.	.	.	.	.	.	.	.	.	.	.	.	.	.	.	.	.	.	.	.	.	.	.	.	pinger.vu.edu.pk	PK	South_Asia	pingerqta.pern.edu.pk	PK	South_Asia
PK.VU.EDU	PK.PU.EDU.N2	?r	.	.	.	.	502738.671	.	.	.	.	.	.	.	.	.	.	538223.060	430002.453	478451.420	182504.528	.	31622.804	238563.371	6102.107	267531.388	562712.713	65136.459	603518.752	.	.	.	.	.	.	.	.	.	.	.	.	.	.	.	.	.	.	.	.	.	.	.	.	.	.	.	.	.	.	.	.	.	.	.	.	.	.	.	.	.	.	.	.	.	.	.	.	.	.	.	.	.	.	.	.	.	.	.	.	.	.	.	.	.	.	.	.	.	.	.	.	.	.	.	.	.	.	.	.	.	.	.	.	.	.	.	.	.	.	.	.	.	.	.	.	.	.	.	.	.	.	.	.	.	.	.	.	.	.	.	.	.	.	.	.	.	.	.	.	.	.	.	.	.	.	.	.	.	.	.	.	.	.	.	.	.	.	.	.	.	.	.	.	.	.	.	.	.	.	.	.	.	.	.	.	.	.	.	.	pinger.vu.edu.pk	PK	South_Asia	pinger-itc.pu.edu.pk	PK	South_Asia
PK.VU.EDU	PK.QUEST.SEECS.EDU	?M	.	.	.	.	.	.	.	.	.	.	.	.	.	.	.	2465.422	668.028	832.335	820.942	.	.	2107.040	.	338.756	.	.	.	.	.	.	.	.	.	.	.	.	.	.	.	.	.	.	.	.	.	.	.	.	.	.	.	.	.	.	.	.	.	.	.	.	.	.	.	.	.	.	.	.	.	.	.	.	.	.	.	.	.	.	.	.	.	.	.	.	.	.	.	.	.	.	.	.	.	.	.	.	.	.	.	.	.	.	.	.	.	.	.	.	.	.	.	.	.	.	.	.	.	.	.	.	.	.	.	.	.	.	.	.	.	.	.	.	.	.	.	.	.	.	.	.	.	.	.	.	.	.	.	.	.	.	.	.	.	.	.	.	.	.	.	.	.	.	.	.	.	.	.	.	.	.	.	.	.	.	.	.	.	.	.	.	.	.	.	.	.	.	.	pinger.vu.edu.pk	PK	South_Asia	quest.seecs.edu.pk	PK	South_Asia
PK.VU.EDU	PK.SAU.SEECS.EDU	?M	.	.	.	.	.	.	.	.	.	.	.	.	.	.	.	7348.350	2105.953	2633.539	8392.441	.	6357.120	2018.964	2031.036	1461.066	2052.508	2710.933	.	.	.	.	.	.	.	.	.	.	.	.	.	.	.	.	.	.	.	.	.	.	.	.	.	.	.	.	.	.	.	.	.	.	.	.	.	.	.	.	.	.	.	.	.	.	.	.	.	.	.	.	.	.	.	.	.	.	.	.	.	.	.	.	.	.	.	.	.	.	.	.	.	.	.	.	.	.	.	.	.	.	.	.	.	.	.	.	.	.	.	.	.	.	.	.	.	.	.	.	.	.	.	.	.	.	.	.	.	.	.	.	.	.	.	.	.	.	.	.	.	.	.	.	.	.	.	.	.	.	.	.	.	.	.	.	.	.	.	.	.	.	.	.	.	.	.	.	.	.	.	.	.	.	.	.	.	.	.	.	.	pinger.vu.edu.pk	PK	South_Asia	sau.seecs.edu.pk	PK	South_Asia
PK.VU.EDU	PK.SBKWU.SEECS.EDU	?r	.	.	.	.	.	.	.	.	.	.	.	.	.	.	.	3532.034	3276.037	1601.174	8308.188	.	.	3794.753	2929.488	6642.661	3929.329	1225.809	.	.	.	.	.	.	.	.	.	.	.	.	.	.	.	.	.	.	.	.	.	.	.	.	.	.	.	.	.	.	.	.	.	.	.	.	.	.	.	.	.	.	.	.	.	.	.	.	.	.	.	.	.	.	.	.	.	.	.	.	.	.	.	.	.	.	.	.	.	.	.	.	.	.	.	.	.	.	.	.	.	.	.	.	.	.	.	.	.	.	.	.	.	.	.	.	.	.	.	.	.	.	.	.	.	.	.	.	.	.	.	.	.	.	.	.	.	.	.	.	.	.	.	.	.	.	.	.	.	.	.	.	.	.	.	.	.	.	.	.	.	.	.	.	.	.	.	.	.	.	.	.	.	.	.	.	.	.	.	.	.	pinger.vu.edu.pk	PK	South_Asia	sbkwu.seecs.edu.pk	PK	South_Asia
PK.VU.EDU	PK.SEECS.EDU.N2	?M	41744.055	22332.064	9416.408	12008.119	33184.375	11292.491	6876.128	4857.124	1135.114	2630.721	.	.	.	5632.625	4870.563	5036.037	4131.214	4111.969	4286.334	4635.521	5558.383	6285.085	3029.232	.	.	.	.	.	.	.	.	.	.	.	.	.	.	.	.	.	.	.	.	.	.	.	.	.	.	.	.	.	.	.	.	.	.	.	.	.	.	.	.	.	.	.	.	.	.	.	.	.	.	.	.	.	.	.	.	.	.	.	.	.	.	.	.	.	.	.	.	.	.	.	.	.	.	.	.	.	.	.	.	.	.	.	.	.	.	.	.	.	.	.	.	.	.	.	.	.	.	.	.	.	.	.	.	.	.	.	.	.	.	.	.	.	.	.	.	.	.	.	.	.	.	.	.	.	.	.	.	.	.	.	.	.	.	.	.	.	.	.	.	.	.	.	.	.	.	.	.	.	.	.	.	.	.	.	.	.	.	.	.	.	.	.	.	pinger.vu.edu.pk	PK	South_Asia	monitor.seecs.edu.pk	PK	South_Asia
PK.VU.EDU	PK.SEECS.EDU.N6	?M	.	.	.	.	.	.	.	.	.	.	.	.	.	.	.	3350.906	2260.264	1708.718	1816.410	.	276227.118	.	.	.	.	.	.	.	.	.	.	.	.	.	.	.	.	.	.	.	.	.	.	.	.	.	.	.	.	.	.	.	.	.	.	.	.	.	.	.	.	.	.	.	.	.	.	.	.	.	.	.	.	.	.	.	.	.	.	.	.	.	.	.	.	.	.	.	.	.	.	.	.	.	.	.	.	.	.	.	.	.	.	.	.	.	.	.	.	.	.	.	.	.	.	.	.	.	.	.	.	.	.	.	.	.	.	.	.	.	.	.	.	.	.	.	.	.	.	.	.	.	.	.	.	.	.	.	.	.	.	.	.	.	.	.	.	.	.	.	.	.	.	.	.	.	.	.	.	.	.	.	.	.	.	.	.	.	.	.	.	.	.	.	.	.	.	pinger.vu.edu.pk	PK	South_Asia	maggie1.seecs.edu.pk	PK	South_Asia
PK.VU.EDU	PK.SEECS.EDU.N7	?M	.	.	.	.	.	.	.	.	.	.	.	.	.	.	.	2318.171	1658.500	1399.421	1539.718	.	269806.549	.	.	.	.	.	.	.	.	.	.	.	.	.	.	.	.	.	.	.	.	.	.	.	.	.	.	.	.	.	.	.	.	.	.	.	.	.	.	.	.	.	.	.	.	.	.	.	.	.	.	.	.	.	.	.	.	.	.	.	.	.	.	.	.	.	.	.	.	.	.	.	.	.	.	.	.	.	.	.	.	.	.	.	.	.	.	.	.	.	.	.	.	.	.	.	.	.	.	.	.	.	.	.	.	.	.	.	.	.	.	.	.	.	.	.	.	.	.	.	.	.	.	.	.	.	.	.	.	.	.	.	.	.	.	.	.	.	.	.	.	.	.	.	.	.	.	.	.	.	.	.	.	.	.	.	.	.	.	.	.	.	.	.	.	.	.	pinger.vu.edu.pk	PK	South_Asia	maggie2.seecs.edu.pk	PK	South_Asia
PK.VU.EDU	PK.UAAR.EDU.N1	?r	.	.	.	.	.	.	.	.	.	.	.	.	.	.	.	.	.	.	.	.	.	.	4467.336	15471.714	9420.669	5973.049	2143.825	.	.	.	.	.	.	.	.	.	.	.	.	.	.	.	.	.	.	.	.	.	.	.	.	.	.	.	.	.	.	.	.	.	.	.	.	.	.	.	.	.	.	.	.	.	.	.	.	.	.	.	.	.	.	.	.	.	.	.	.	.	.	.	.	.	.	.	.	.	.	.	.	.	.	.	.	.	.	.	.	.	.	.	.	.	.	.	.	.	.	.	.	.	.	.	.	.	.	.	.	.	.	.	.	.	.	.	.	.	.	.	.	.	.	.	.	.	.	.	.	.	.	.	.	.	.	.	.	.	.	.	.	.	.	.	.	.	.	.	.	.	.	.	.	.	.	.	.	.	.	.	.	.	.	.	.	.	.	.	.	pinger.vu.edu.pk	PK	South_Asia	pinger.uaar.edu.pk	PK	South_Asia
PK.VU.EDU	PK.UET.EDU.N2	?M	.	.	.	.	286373.618	.	.	.	.	.	.	.	.	.	.	376194.080	191675.567	359263.176	117559.749	.	31514.056	179375.703	12021.498	254377.234	419448.211	73876.686	434112.179	.	.	.	.	.	.	.	.	.	.	.	.	.	.	.	.	.	.	.	.	.	.	.	.	.	.	.	.	.	.	.	.	.	.	.	.	.	.	.	.	.	.	.	.	.	.	.	.	.	.	.	.	.	.	.	.	.	.	.	.	.	.	.	.	.	.	.	.	.	.	.	.	.	.	.	.	.	.	.	.	.	.	.	.	.	.	.	.	.	.	.	.	.	.	.	.	.	.	.	.	.	.	.	.	.	.	.	.	.	.	.	.	.	.	.	.	.	.	.	.	.	.	.	.	.	.	.	.	.	.	.	.	.	.	.	.	.	.	.	.	.	.	.	.	.	.	.	.	.	.	.	.	.	.	.	.	.	.	.	.	pinger.vu.edu.pk	PK	South_Asia	pinger.uet.edu.pk	PK	South_Asia
PK.VU.EDU	PK.UETTAXILA.EDU.N1	?M	.	.	.	.	.	.	.	.	.	.	.	.	.	.	.	1268.995	1542.727	1778.496	1446.279	.	10281.683	3551.332	1180.969	1620.185	5251.690	1544.288	1048.729	.	.	.	.	.	.	.	.	.	.	.	.	.	.	.	.	.	.	.	.	.	.	.	.	.	.	.	.	.	.	.	.	.	.	.	.	.	.	.	.	.	.	.	.	.	.	.	.	.	.	.	.	.	.	.	.	.	.	.	.	.	.	.	.	.	.	.	.	.	.	.	.	.	.	.	.	.	.	.	.	.	.	.	.	.	.	.	.	.	.	.	.	.	.	.	.	.	.	.	.	.	.	.	.	.	.	.	.	.	.	.	.	.	.	.	.	.	.	.	.	.	.	.	.	.	.	.	.	.	.	.	.	.	.	.	.	.	.	.	.	.	.	.	.	.	.	.	.	.	.	.	.	.	.	.	.	.	.	.	.	pinger.vu.edu.pk	PK	South_Asia	pinger.uettaxila.edu.pk	PK	South_Asia
PK.VU.EDU	PK.UOB.EDU.N3	?M	.	.	.	.	.	.	.	.	.	.	.	.	.	.	.	2138.306	1094.990	.	3918.824	.	13421.694	7595.047	3084.285	2377.081	4767.209	2381.562	2546.738	.	.	.	.	.	.	.	.	.	.	.	.	.	.	.	.	.	.	.	.	.	.	.	.	.	.	.	.	.	.	.	.	.	.	.	.	.	.	.	.	.	.	.	.	.	.	.	.	.	.	.	.	.	.	.	.	.	.	.	.	.	.	.	.	.	.	.	.	.	.	.	.	.	.	.	.	.	.	.	.	.	.	.	.	.	.	.	.	.	.	.	.	.	.	.	.	.	.	.	.	.	.	.	.	.	.	.	.	.	.	.	.	.	.	.	.	.	.	.	.	.	.	.	.	.	.	.	.	.	.	.	.	.	.	.	.	.	.	.	.	.	.	.	.	.	.	.	.	.	.	.	.	.	.	.	.	.	.	.	.	pinger.vu.edu.pk	PK	South_Asia	pinger.uob.edu.pk	PK	South_Asia
PK.VU.EDU	PK.UPESH.EDU.N2	?M	.	.	.	.	55456.575	.	.	.	.	.	.	.	.	.	.	1114.536	905.906	838.065	1527.639	.	10264.610	3630.560	1601.919	3728.425	7294.101	4078.834	2401.419	.	.	.	.	.	.	.	.	.	.	.	.	.	.	.	.	.	.	.	.	.	.	.	.	.	.	.	.	.	.	.	.	.	.	.	.	.	.	.	.	.	.	.	.	.	.	.	.	.	.	.	.	.	.	.	.	.	.	.	.	.	.	.	.	.	.	.	.	.	.	.	.	.	.	.	.	.	.	.	.	.	.	.	.	.	.	.	.	.	.	.	.	.	.	.	.	.	.	.	.	.	.	.	.	.	.	.	.	.	.	.	.	.	.	.	.	.	.	.	.	.	.	.	.	.	.	.	.	.	.	.	.	.	.	.	.	.	.	.	.	.	.	.	.	.	.	.	.	.	.	.	.	.	.	.	.	.	.	.	.	pinger.vu.edu.pk	PK	South_Asia	www.upesh.edu.pk	PK	South_Asia
PK.VU.EDU	PK.USINDH.EDU.N2	?M	.	.	.	.	.	.	.	.	.	.	.	.	.	.	.	2411.553	1709.796	1137.845	813.007	.	16238.551	.	3384.458	6024.373	8570.387	8417.370	6029.810	.	.	.	.	.	.	.	.	.	.	.	.	.	.	.	.	.	.	.	.	.	.	.	.	.	.	.	.	.	.	.	.	.	.	.	.	.	.	.	.	.	.	.	.	.	.	.	.	.	.	.	.	.	.	.	.	.	.	.	.	.	.	.	.	.	.	.	.	.	.	.	.	.	.	.	.	.	.	.	.	.	.	.	.	.	.	.	.	.	.	.	.	.	.	.	.	.	.	.	.	.	.	.	.	.	.	.	.	.	.	.	.	.	.	.	.	.	.	.	.	.	.	.	.	.	.	.	.	.	.	.	.	.	.	.	.	.	.	.	.	.	.	.	.	.	.	.	.	.	.	.	.	.	.	.	.	.	.	.	.	pinger.vu.edu.pk	PK	South_Asia	pinger.usindh.edu.pk	PK	South_Asia
PK.VU.EDU	PK.USTB.EDU.N2	?r	.	.	.	.	.	.	.	.	.	.	.	.	.	.	.	3242.257	1589.363	1105.795	698.473	.	3239.051	1648.691	672.533	.	.	.	.	.	.	.	.	.	.	.	.	.	.	.	.	.	.	.	.	.	.	.	.	.	.	.	.	.	.	.	.	.	.	.	.	.	.	.	.	.	.	.	.	.	.	.	.	.	.	.	.	.	.	.	.	.	.	.	.	.	.	.	.	.	.	.	.	.	.	.	.	.	.	.	.	.	.	.	.	.	.	.	.	.	.	.	.	.	.	.	.	.	.	.	.	.	.	.	.	.	.	.	.	.	.	.	.	.	.	.	.	.	.	.	.	.	.	.	.	.	.	.	.	.	.	.	.	.	.	.	.	.	.	.	.	.	.	.	.	.	.	.	.	.	.	.	.	.	.	.	.	.	.	.	.	.	.	.	.	.	.	.	.	pinger.vu.edu.pk	PK	South_Asia	pinger.ustb.edu.pk	PK	South_Asia
PK.VU.EDU	PK.VU.EDU	?M	.	.	.	.	.	.	.	.	.	.	.	.	.	.	.	.	.	.	.	.	.	.	.	.	.	.	.	.	.	.	.	.	.	.	.	.	.	.	.	.	.	.	.	.	.	.	.	.	.	.	.	.	.	.	.	.	.	.	.	.	.	.	.	.	.	.	.	.	.	.	.	.	.	.	.	.	.	.	.	.	.	.	.	.	.	.	.	.	.	.	.	.	.	.	.	.	.	.	.	.	.	.	.	.	.	.	.	.	.	.	.	.	.	.	.	.	.	.	.	.	.	.	.	.	.	.	.	.	.	.	.	.	.	.	.	.	.	.	.	.	.	.	.	.	.	.	.	.	.	.	.	.	.	.	.	.	.	.	.	.	.	.	.	.	.	.	.	.	.	.	.	.	.	.	.	.	.	.	.	.	.	.	.	.	.	.	.	pinger.vu.edu.pk	PK	South_Asia	pinger.vu.edu.pk	PK	South_Asia
PK.VU.EDU	PS.ALQUDS.EDU.N2	?M	.	.	.	.	.	.	.	.	.	.	.	.	.	.	.	.	.	.	624.137	607.116	775.324	.	.	.	.	.	.	.	.	.	.	.	.	.	.	.	.	.	.	.	.	.	.	.	.	.	.	.	.	.	.	.	.	.	.	.	.	.	.	.	.	.	.	.	.	.	.	.	.	.	.	.	.	.	.	.	.	.	.	.	.	.	.	.	.	.	.	.	.	.	.	.	.	.	.	.	.	.	.	.	.	.	.	.	.	.	.	.	.	.	.	.	.	.	.	.	.	.	.	.	.	.	.	.	.	.	.	.	.	.	.	.	.	.	.	.	.	.	.	.	.	.	.	.	.	.	.	.	.	.	.	.	.	.	.	.	.	.	.	.	.	.	.	.	.	.	.	.	.	.	.	.	.	.	.	.	.	.	.	.	.	.	.	.	.	.	.	pinger.vu.edu.pk	PK	South_Asia	pinger.alquds.edu	EDU	Middle_East
PK.VU.EDU	PY.WWW.UNA.N1	?B	1255.404	402.302	276.700	223.246	223.716	136.889	170.197	231.950	118.987	271.825	.	.	.	456.096	320.752	362.429	392.102	372.993	272.911	379.016	293.451	302.794	252.677	409.308	356.651	327.643	334.207	.	.	.	.	.	.	.	.	.	.	.	.	.	.	.	.	.	.	.	.	.	.	.	.	.	.	.	.	.	.	.	.	.	.	.	.	.	.	.	.	.	.	.	.	.	.	.	.	.	.	.	.	.	.	.	.	.	.	.	.	.	.	.	.	.	.	.	.	.	.	.	.	.	.	.	.	.	.	.	.	.	.	.	.	.	.	.	.	.	.	.	.	.	.	.	.	.	.	.	.	.	.	.	.	.	.	.	.	.	.	.	.	.	.	.	.	.	.	.	.	.	.	.	.	.	.	.	.	.	.	.	.	.	.	.	.	.	.	.	.	.	.	.	.	.	.	.	.	.	.	.	.	.	.	.	.	.	.	.	.	pinger.vu.edu.pk	PK	South_Asia	www.una.py	PY	Latin_America
PK.VU.EDU	RS.BG.AC.N1	?B	742.668	949.353	738.291	760.071	619.942	313.231	464.569	628.000	272.466	679.107	.	.	.	795.770	962.111	970.126	.	.	1172.145	781.383	660.281	.	.	.	.	.	.	.	.	.	.	.	.	.	.	.	.	.	.	.	.	.	.	.	.	.	.	.	.	.	.	.	.	.	.	.	.	.	.	.	.	.	.	.	.	.	.	.	.	.	.	.	.	.	.	.	.	.	.	.	.	.	.	.	.	.	.	.	.	.	.	.	.	.	.	.	.	.	.	.	.	.	.	.	.	.	.	.	.	.	.	.	.	.	.	.	.	.	.	.	.	.	.	.	.	.	.	.	.	.	.	.	.	.	.	.	.	.	.	.	.	.	.	.	.	.	.	.	.	.	.	.	.	.	.	.	.	.	.	.	.	.	.	.	.	.	.	.	.	.	.	.	.	.	.	.	.	.	.	.	.	.	.	.	.	.	.	pinger.vu.edu.pk	PK	South_Asia	ns.rcub.bg.ac.rs	RS	Balkans
PK.VU.EDU	RU.ITEP.N1	?B	513.167	677.182	220.985	993.794	442.295	262.728	351.110	465.683	236.765	645.182	.	.	.	518.400	694.347	838.834	951.361	835.174	633.781	722.635	1330.072	862.503	1244.340	1540.076	1482.829	722.082	360.401	.	.	.	.	.	.	.	.	.	.	.	.	.	.	.	.	.	.	.	.	.	.	.	.	.	.	.	.	.	.	.	.	.	.	.	.	.	.	.	.	.	.	.	.	.	.	.	.	.	.	.	.	.	.	.	.	.	.	.	.	.	.	.	.	.	.	.	.	.	.	.	.	.	.	.	.	.	.	.	.	.	.	.	.	.	.	.	.	.	.	.	.	.	.	.	.	.	.	.	.	.	.	.	.	.	.	.	.	.	.	.	.	.	.	.	.	.	.	.	.	.	.	.	.	.	.	.	.	.	.	.	.	.	.	.	.	.	.	.	.	.	.	.	.	.	.	.	.	.	.	.	.	.	.	.	.	.	.	.	.	pinger.vu.edu.pk	PK	South_Asia	mctest.itep.ru	RU	Russia
PK.VU.EDU	RU.NSK.N1	?M	386.706	486.829	430.814	282.166	194.858	105.773	248.308	325.367	190.438	518.377	.	.	.	700.374	672.377	702.768	866.923	663.244	379.444	701.955	805.475	778.528	471.223	1193.081	835.672	642.338	767.028	.	.	.	.	.	.	.	.	.	.	.	.	.	.	.	.	.	.	.	.	.	.	.	.	.	.	.	.	.	.	.	.	.	.	.	.	.	.	.	.	.	.	.	.	.	.	.	.	.	.	.	.	.	.	.	.	.	.	.	.	.	.	.	.	.	.	.	.	.	.	.	.	.	.	.	.	.	.	.	.	.	.	.	.	.	.	.	.	.	.	.	.	.	.	.	.	.	.	.	.	.	.	.	.	.	.	.	.	.	.	.	.	.	.	.	.	.	.	.	.	.	.	.	.	.	.	.	.	.	.	.	.	.	.	.	.	.	.	.	.	.	.	.	.	.	.	.	.	.	.	.	.	.	.	.	.	.	.	.	.	pinger.vu.edu.pk	PK	South_Asia	rainbow.inp.nsk.su	SU	Russia
PK.VU.EDU	RW.KIE.AC.N1	?r	.	.	.	.	701.913	.	.	.	.	.	.	.	.	.	.	.	.	.	.	.	.	.	.	.	.	.	.	.	.	.	.	.	.	.	.	.	.	.	.	.	.	.	.	.	.	.	.	.	.	.	.	.	.	.	.	.	.	.	.	.	.	.	.	.	.	.	.	.	.	.	.	.	.	.	.	.	.	.	.	.	.	.	.	.	.	.	.	.	.	.	.	.	.	.	.	.	.	.	.	.	.	.	.	.	.	.	.	.	.	.	.	.	.	.	.	.	.	.	.	.	.	.	.	.	.	.	.	.	.	.	.	.	.	.	.	.	.	.	.	.	.	.	.	.	.	.	.	.	.	.	.	.	.	.	.	.	.	.	.	.	.	.	.	.	.	.	.	.	.	.	.	.	.	.	.	.	.	.	.	.	.	.	.	.	.	.	.	pinger.vu.edu.pk	PK	South_Asia	www.kie.ac.rw	RW	Africa
PK.VU.EDU	RW.KIST.AC.N1	?B	.	.	.	.	.	.	.	.	.	.	.	.	.	158.236	234.915	240.199	146.173	20.121	63.365	414.564	351.030	33.486	120.183	244.808	34.270	24.289	36.561	.	.	.	.	.	.	.	.	.	.	.	.	.	.	.	.	.	.	.	.	.	.	.	.	.	.	.	.	.	.	.	.	.	.	.	.	.	.	.	.	.	.	.	.	.	.	.	.	.	.	.	.	.	.	.	.	.	.	.	.	.	.	.	.	.	.	.	.	.	.	.	.	.	.	.	.	.	.	.	.	.	.	.	.	.	.	.	.	.	.	.	.	.	.	.	.	.	.	.	.	.	.	.	.	.	.	.	.	.	.	.	.	.	.	.	.	.	.	.	.	.	.	.	.	.	.	.	.	.	.	.	.	.	.	.	.	.	.	.	.	.	.	.	.	.	.	.	.	.	.	.	.	.	.	.	.	.	.	.	.	pinger.vu.edu.pk	PK	South_Asia	www.kist.ac.rw	RW	Africa
PK.VU.EDU	SE.SU.N1	?B	.	.	.	.	.	.	.	.	.	604.640	.	.	.	895.367	831.305	869.578	714.263	2442.779	802.315	1559.188	588.946	1113.402	785.316	2898.826	1468.760	867.216	1563.426	.	.	.	.	.	.	.	.	.	.	.	.	.	.	.	.	.	.	.	.	.	.	.	.	.	.	.	.	.	.	.	.	.	.	.	.	.	.	.	.	.	.	.	.	.	.	.	.	.	.	.	.	.	.	.	.	.	.	.	.	.	.	.	.	.	.	.	.	.	.	.	.	.	.	.	.	.	.	.	.	.	.	.	.	.	.	.	.	.	.	.	.	.	.	.	.	.	.	.	.	.	.	.	.	.	.	.	.	.	.	.	.	.	.	.	.	.	.	.	.	.	.	.	.	.	.	.	.	.	.	.	.	.	.	.	.	.	.	.	.	.	.	.	.	.	.	.	.	.	.	.	.	.	.	.	.	.	.	.	.	pinger.vu.edu.pk	PK	South_Asia	pp2.it.su.se	SE	Europe
PK.VU.EDU	SG.SINGAREN.NET.N1	?B	664.277	286.167	360.858	603.485	367.898	138.684	188.809	237.260	149.195	241.626	.	.	.	428.023	571.515	973.741	586.910	538.919	403.218	404.230	560.938	149.340	236.489	692.539	528.148	555.410	629.282	.	.	.	.	.	.	.	.	.	.	.	.	.	.	.	.	.	.	.	.	.	.	.	.	.	.	.	.	.	.	.	.	.	.	.	.	.	.	.	.	.	.	.	.	.	.	.	.	.	.	.	.	.	.	.	.	.	.	.	.	.	.	.	.	.	.	.	.	.	.	.	.	.	.	.	.	.	.	.	.	.	.	.	.	.	.	.	.	.	.	.	.	.	.	.	.	.	.	.	.	.	.	.	.	.	.	.	.	.	.	.	.	.	.	.	.	.	.	.	.	.	.	.	.	.	.	.	.	.	.	.	.	.	.	.	.	.	.	.	.	.	.	.	.	.	.	.	.	.	.	.	.	.	.	.	.	.	.	.	.	pinger.vu.edu.pk	PK	South_Asia	www.singaren.net.sg	SG	S.E._Asia
PK.VU.EDU	SI.UNI-MB.N1	?B	3024.151	927.072	704.613	1051.325	627.858	349.706	485.856	621.633	283.083	755.232	.	.	.	879.081	1025.002	1619.343	1317.618	1582.874	616.107	926.223	1176.138	1517.800	773.029	1604.806	2746.074	1169.394	2747.600	.	.	.	.	.	.	.	.	.	.	.	.	.	.	.	.	.	.	.	.	.	.	.	.	.	.	.	.	.	.	.	.	.	.	.	.	.	.	.	.	.	.	.	.	.	.	.	.	.	.	.	.	.	.	.	.	.	.	.	.	.	.	.	.	.	.	.	.	.	.	.	.	.	.	.	.	.	.	.	.	.	.	.	.	.	.	.	.	.	.	.	.	.	.	.	.	.	.	.	.	.	.	.	.	.	.	.	.	.	.	.	.	.	.	.	.	.	.	.	.	.	.	.	.	.	.	.	.	.	.	.	.	.	.	.	.	.	.	.	.	.	.	.	.	.	.	.	.	.	.	.	.	.	.	.	.	.	.	.	.	pinger.vu.edu.pk	PK	South_Asia	www.uni-mb.si	SI	Balkans
PK.VU.EDU	SK.SANET.N1	?B	2089.170	673.121	457.477	675.881	454.391	283.916	439.196	651.793	188.252	250.187	.	.	.	1408.767	742.226	1545.297	1595.218	1341.710	949.263	704.983	350.704	966.665	685.102	3086.670	1229.191	917.728	2945.671	.	.	.	.	.	.	.	.	.	.	.	.	.	.	.	.	.	.	.	.	.	.	.	.	.	.	.	.	.	.	.	.	.	.	.	.	.	.	.	.	.	.	.	.	.	.	.	.	.	.	.	.	.	.	.	.	.	.	.	.	.	.	.	.	.	.	.	.	.	.	.	.	.	.	.	.	.	.	.	.	.	.	.	.	.	.	.	.	.	.	.	.	.	.	.	.	.	.	.	.	.	.	.	.	.	.	.	.	.	.	.	.	.	.	.	.	.	.	.	.	.	.	.	.	.	.	.	.	.	.	.	.	.	.	.	.	.	.	.	.	.	.	.	.	.	.	.	.	.	.	.	.	.	.	.	.	.	.	.	.	pinger.vu.edu.pk	PK	South_Asia	ba.sanet.sk	SK	Europe
PK.VU.EDU	SN.COLLEGE.EDU.N1	?B	456.008	215.961	443.553	531.444	457.415	264.956	314.259	286.337	197.201	433.999	.	.	.	641.812	311.423	203.787	163.997	283.856	225.452	236.204	253.464	282.640	282.478	302.197	275.332	325.417	299.429	.	.	.	.	.	.	.	.	.	.	.	.	.	.	.	.	.	.	.	.	.	.	.	.	.	.	.	.	.	.	.	.	.	.	.	.	.	.	.	.	.	.	.	.	.	.	.	.	.	.	.	.	.	.	.	.	.	.	.	.	.	.	.	.	.	.	.	.	.	.	.	.	.	.	.	.	.	.	.	.	.	.	.	.	.	.	.	.	.	.	.	.	.	.	.	.	.	.	.	.	.	.	.	.	.	.	.	.	.	.	.	.	.	.	.	.	.	.	.	.	.	.	.	.	.	.	.	.	.	.	.	.	.	.	.	.	.	.	.	.	.	.	.	.	.	.	.	.	.	.	.	.	.	.	.	.	.	.	.	.	pinger.vu.edu.pk	PK	South_Asia	www.college.edu.sn	SN	Africa
PK.VU.EDU	SV.RED.N1	?B	348.067	121.205	358.506	570.776	261.878	193.503	247.655	359.816	126.382	185.791	.	.	.	229.631	516.732	374.827	456.739	544.058	385.746	683.468	457.352	395.287	346.289	539.988	698.472	331.229	369.403	.	.	.	.	.	.	.	.	.	.	.	.	.	.	.	.	.	.	.	.	.	.	.	.	.	.	.	.	.	.	.	.	.	.	.	.	.	.	.	.	.	.	.	.	.	.	.	.	.	.	.	.	.	.	.	.	.	.	.	.	.	.	.	.	.	.	.	.	.	.	.	.	.	.	.	.	.	.	.	.	.	.	.	.	.	.	.	.	.	.	.	.	.	.	.	.	.	.	.	.	.	.	.	.	.	.	.	.	.	.	.	.	.	.	.	.	.	.	.	.	.	.	.	.	.	.	.	.	.	.	.	.	.	.	.	.	.	.	.	.	.	.	.	.	.	.	.	.	.	.	.	.	.	.	.	.	.	.	.	.	pinger.vu.edu.pk	PK	South_Asia	cir.red.sv	SV	Latin_America
PK.VU.EDU	TG.REFER.ORG.N1	?B	599.513	430.304	369.521	364.475	110.848	177.154	230.856	260.774	132.786	256.848	.	.	.	171.919	207.549	185.260	184.387	289.839	340.639	240.537	480.248	227.800	344.250	464.976	597.472	561.790	582.701	.	.	.	.	.	.	.	.	.	.	.	.	.	.	.	.	.	.	.	.	.	.	.	.	.	.	.	.	.	.	.	.	.	.	.	.	.	.	.	.	.	.	.	.	.	.	.	.	.	.	.	.	.	.	.	.	.	.	.	.	.	.	.	.	.	.	.	.	.	.	.	.	.	.	.	.	.	.	.	.	.	.	.	.	.	.	.	.	.	.	.	.	.	.	.	.	.	.	.	.	.	.	.	.	.	.	.	.	.	.	.	.	.	.	.	.	.	.	.	.	.	.	.	.	.	.	.	.	.	.	.	.	.	.	.	.	.	.	.	.	.	.	.	.	.	.	.	.	.	.	.	.	.	.	.	.	.	.	.	.	pinger.vu.edu.pk	PK	South_Asia	tg.refer.org	ORG	Africa
PK.VU.EDU	TH.KMUTT.AC.N2	?B	2160.965	464.933	521.602	524.739	447.255	151.531	264.427	284.844	134.908	235.313	.	.	.	185.240	304.403	339.685	658.181	430.922	199.741	236.695	225.611	384.144	281.624	225.940	165.049	152.107	233.008	.	.	.	.	.	.	.	.	.	.	.	.	.	.	.	.	.	.	.	.	.	.	.	.	.	.	.	.	.	.	.	.	.	.	.	.	.	.	.	.	.	.	.	.	.	.	.	.	.	.	.	.	.	.	.	.	.	.	.	.	.	.	.	.	.	.	.	.	.	.	.	.	.	.	.	.	.	.	.	.	.	.	.	.	.	.	.	.	.	.	.	.	.	.	.	.	.	.	.	.	.	.	.	.	.	.	.	.	.	.	.	.	.	.	.	.	.	.	.	.	.	.	.	.	.	.	.	.	.	.	.	.	.	.	.	.	.	.	.	.	.	.	.	.	.	.	.	.	.	.	.	.	.	.	.	.	.	.	.	.	pinger.vu.edu.pk	PK	South_Asia	ongkot.kmutt.ac.th	TH	S.E._Asia
PK.VU.EDU	TN.GNET.N1	?B	1061.294	1173.917	769.766	857.531	843.963	400.027	515.450	764.762	299.341	819.878	.	.	.	995.198	1038.541	2887.655	1708.784	1188.809	789.088	1519.715	2135.836	1745.326	825.369	1526.018	712.778	604.946	610.932	.	.	.	.	.	.	.	.	.	.	.	.	.	.	.	.	.	.	.	.	.	.	.	.	.	.	.	.	.	.	.	.	.	.	.	.	.	.	.	.	.	.	.	.	.	.	.	.	.	.	.	.	.	.	.	.	.	.	.	.	.	.	.	.	.	.	.	.	.	.	.	.	.	.	.	.	.	.	.	.	.	.	.	.	.	.	.	.	.	.	.	.	.	.	.	.	.	.	.	.	.	.	.	.	.	.	.	.	.	.	.	.	.	.	.	.	.	.	.	.	.	.	.	.	.	.	.	.	.	.	.	.	.	.	.	.	.	.	.	.	.	.	.	.	.	.	.	.	.	.	.	.	.	.	.	.	.	.	.	.	pinger.vu.edu.pk	PK	South_Asia	mail.gnet.tn	TN	Africa
PK.VU.EDU	TR.ANADOLU.EDU.N1	?B	476.906	573.657	530.869	848.326	391.266	227.323	348.786	417.986	210.133	552.699	.	.	.	1054.617	843.632	601.299	335.488	410.993	228.416	677.655	657.122	746.189	502.313	1124.263	596.727	509.074	524.397	.	.	.	.	.	.	.	.	.	.	.	.	.	.	.	.	.	.	.	.	.	.	.	.	.	.	.	.	.	.	.	.	.	.	.	.	.	.	.	.	.	.	.	.	.	.	.	.	.	.	.	.	.	.	.	.	.	.	.	.	.	.	.	.	.	.	.	.	.	.	.	.	.	.	.	.	.	.	.	.	.	.	.	.	.	.	.	.	.	.	.	.	.	.	.	.	.	.	.	.	.	.	.	.	.	.	.	.	.	.	.	.	.	.	.	.	.	.	.	.	.	.	.	.	.	.	.	.	.	.	.	.	.	.	.	.	.	.	.	.	.	.	.	.	.	.	.	.	.	.	.	.	.	.	.	.	.	.	.	.	pinger.vu.edu.pk	PK	South_Asia	www.anadolu.edu.tr	TR	Middle_East
PK.VU.EDU	TW.SINICA.EDU.N1	?B	1565.379	323.770	329.215	649.201	410.351	134.002	156.914	288.893	125.009	141.138	.	.	.	453.649	429.481	329.039	551.136	530.184	402.615	520.395	370.557	291.941	244.054	521.167	366.628	461.708	857.277	.	.	.	.	.	.	.	.	.	.	.	.	.	.	.	.	.	.	.	.	.	.	.	.	.	.	.	.	.	.	.	.	.	.	.	.	.	.	.	.	.	.	.	.	.	.	.	.	.	.	.	.	.	.	.	.	.	.	.	.	.	.	.	.	.	.	.	.	.	.	.	.	.	.	.	.	.	.	.	.	.	.	.	.	.	.	.	.	.	.	.	.	.	.	.	.	.	.	.	.	.	.	.	.	.	.	.	.	.	.	.	.	.	.	.	.	.	.	.	.	.	.	.	.	.	.	.	.	.	.	.	.	.	.	.	.	.	.	.	.	.	.	.	.	.	.	.	.	.	.	.	.	.	.	.	.	.	.	.	.	pinger.vu.edu.pk	PK	South_Asia	dns.sinica.edu.tw	TW	East_Asia
PK.VU.EDU	TZ.UDSM.AC.N1	?B	.	.	.	.	.	.	.	.	.	.	.	.	.	370.529	250.452	190.800	337.544	366.799	334.513	631.286	331.684	438.095	309.471	433.945	372.917	355.515	364.943	.	.	.	.	.	.	.	.	.	.	.	.	.	.	.	.	.	.	.	.	.	.	.	.	.	.	.	.	.	.	.	.	.	.	.	.	.	.	.	.	.	.	.	.	.	.	.	.	.	.	.	.	.	.	.	.	.	.	.	.	.	.	.	.	.	.	.	.	.	.	.	.	.	.	.	.	.	.	.	.	.	.	.	.	.	.	.	.	.	.	.	.	.	.	.	.	.	.	.	.	.	.	.	.	.	.	.	.	.	.	.	.	.	.	.	.	.	.	.	.	.	.	.	.	.	.	.	.	.	.	.	.	.	.	.	.	.	.	.	.	.	.	.	.	.	.	.	.	.	.	.	.	.	.	.	.	.	.	.	.	pinger.vu.edu.pk	PK	South_Asia	www.udsm.ac.tz	TZ	Africa
PK.VU.EDU	UA.KHARKOV.N1	?B	2525.039	623.448	604.870	849.044	509.416	230.635	373.764	455.691	191.527	139.546	.	.	.	861.404	523.151	384.844	468.134	422.054	369.085	434.656	181.450	163.920	283.557	457.307	776.475	353.680	92.008	.	.	.	.	.	.	.	.	.	.	.	.	.	.	.	.	.	.	.	.	.	.	.	.	.	.	.	.	.	.	.	.	.	.	.	.	.	.	.	.	.	.	.	.	.	.	.	.	.	.	.	.	.	.	.	.	.	.	.	.	.	.	.	.	.	.	.	.	.	.	.	.	.	.	.	.	.	.	.	.	.	.	.	.	.	.	.	.	.	.	.	.	.	.	.	.	.	.	.	.	.	.	.	.	.	.	.	.	.	.	.	.	.	.	.	.	.	.	.	.	.	.	.	.	.	.	.	.	.	.	.	.	.	.	.	.	.	.	.	.	.	.	.	.	.	.	.	.	.	.	.	.	.	.	.	.	.	.	.	.	pinger.vu.edu.pk	PK	South_Asia	mail.kipt.kharkov.ua	UA	Europe
PK.VU.EDU	UY.FISICA.EDU.N1	?B	1301.704	285.854	280.505	344.057	190.286	145.279	153.642	223.362	112.888	152.240	.	.	.	161.160	199.048	211.491	227.216	310.693	186.910	128.805	233.248	170.672	164.295	197.149	228.921	176.258	193.802	.	.	.	.	.	.	.	.	.	.	.	.	.	.	.	.	.	.	.	.	.	.	.	.	.	.	.	.	.	.	.	.	.	.	.	.	.	.	.	.	.	.	.	.	.	.	.	.	.	.	.	.	.	.	.	.	.	.	.	.	.	.	.	.	.	.	.	.	.	.	.	.	.	.	.	.	.	.	.	.	.	.	.	.	.	.	.	.	.	.	.	.	.	.	.	.	.	.	.	.	.	.	.	.	.	.	.	.	.	.	.	.	.	.	.	.	.	.	.	.	.	.	.	.	.	.	.	.	.	.	.	.	.	.	.	.	.	.	.	.	.	.	.	.	.	.	.	.	.	.	.	.	.	.	.	.	.	.	.	.	pinger.vu.edu.pk	PK	South_Asia	www.fisica.edu.uy	UY	Latin_America
PK.VU.EDU	UY.RAU.EDU	?r	.	.	.	.	51.956	.	.	.	.	.	.	.	.	.	.	.	.	.	.	.	.	.	.	.	.	.	.	.	.	.	.	.	.	.	.	.	.	.	.	.	.	.	.	.	.	.	.	.	.	.	.	.	.	.	.	.	.	.	.	.	.	.	.	.	.	.	.	.	.	.	.	.	.	.	.	.	.	.	.	.	.	.	.	.	.	.	.	.	.	.	.	.	.	.	.	.	.	.	.	.	.	.	.	.	.	.	.	.	.	.	.	.	.	.	.	.	.	.	.	.	.	.	.	.	.	.	.	.	.	.	.	.	.	.	.	.	.	.	.	.	.	.	.	.	.	.	.	.	.	.	.	.	.	.	.	.	.	.	.	.	.	.	.	.	.	.	.	.	.	.	.	.	.	.	.	.	.	.	.	.	.	.	.	.	.	.	.	pinger.vu.edu.pk	PK	South_Asia	gt-medicionesuy.rau.edu.uy	UY	Latin_America
PK.VU.EDU	VE.CUC.EDU.N1	?B	1662.954	425.234	422.641	298.517	442.997	215.963	290.886	386.774	149.175	371.020	.	.	.	442.408	362.849	730.526	391.869	766.443	541.590	720.147	437.317	830.039	502.944	1090.171	1022.492	640.620	292.962	.	.	.	.	.	.	.	.	.	.	.	.	.	.	.	.	.	.	.	.	.	.	.	.	.	.	.	.	.	.	.	.	.	.	.	.	.	.	.	.	.	.	.	.	.	.	.	.	.	.	.	.	.	.	.	.	.	.	.	.	.	.	.	.	.	.	.	.	.	.	.	.	.	.	.	.	.	.	.	.	.	.	.	.	.	.	.	.	.	.	.	.	.	.	.	.	.	.	.	.	.	.	.	.	.	.	.	.	.	.	.	.	.	.	.	.	.	.	.	.	.	.	.	.	.	.	.	.	.	.	.	.	.	.	.	.	.	.	.	.	.	.	.	.	.	.	.	.	.	.	.	.	.	.	.	.	.	.	.	.	pinger.vu.edu.pk	PK	South_Asia	www.cuc.edu.ve	VE	Latin_America
PK.VU.EDU	ZA.TENET.AC.N1	?M	509.360	305.643	342.671	408.977	300.825	123.854	210.339	262.165	105.195	129.231	.	.	.	114.696	216.910	221.102	345.441	314.083	267.611	389.409	469.012	341.910	230.426	442.641	293.519	245.333	333.848	.	.	.	.	.	.	.	.	.	.	.	.	.	.	.	.	.	.	.	.	.	.	.	.	.	.	.	.	.	.	.	.	.	.	.	.	.	.	.	.	.	.	.	.	.	.	.	.	.	.	.	.	.	.	.	.	.	.	.	.	.	.	.	.	.	.	.	.	.	.	.	.	.	.	.	.	.	.	.	.	.	.	.	.	.	.	.	.	.	.	.	.	.	.	.	.	.	.	.	.	.	.	.	.	.	.	.	.	.	.	.	.	.	.	.	.	.	.	.	.	.	.	.	.	.	.	.	.	.	.	.	.	.	.	.	.	.	.	.	.	.	.	.	.	.	.	.	.	.	.	.	.	.	.	.	.	.	.	.	.	pinger.vu.edu.pk	PK	South_Asia	brunsvigia.tenet.ac.za	ZA	Africa
PK.VU.EDU	ZM.AISHA.AC.N1	?B	513.903	310.869	246.688	252.175	252.352	.	.	.	.	.	.	.	.	367.213	386.267	674.983	692.991	439.300	214.209	419.356	630.364	222.816	.	.	.	.	.	.	.	.	.	.	.	.	.	.	.	.	.	.	.	.	.	.	.	.	.	.	.	.	.	.	.	.	.	.	.	.	.	.	.	.	.	.	.	.	.	.	.	.	.	.	.	.	.	.	.	.	.	.	.	.	.	.	.	.	.	.	.	.	.	.	.	.	.	.	.	.	.	.	.	.	.	.	.	.	.	.	.	.	.	.	.	.	.	.	.	.	.	.	.	.	.	.	.	.	.	.	.	.	.	.	.	.	.	.	.	.	.	.	.	.	.	.	.	.	.	.	.	.	.	.	.	.	.	.	.	.	.	.	.	.	.	.	.	.	.	.	.	.	.	.	.	.	.	.	.	.	.	.	.	.	.	.	.	.	.	pinger.vu.edu.pk	PK	South_Asia	www.aisha.ac.zm	ZM	Africa

