#Monitoring-Site	Remote-Site	?	1998	1999	2000	2001	2002	2003	2004	2005	2006	2007	2008	2009	2010	2011	2012	2013	Monitoring-Node	Mon-TLD	Mon-Region	Remote-Node	Rem-TLD	Rem-Region	
PK.AIRUNIVERSITY.EDU.N2	AF.MOD.GOV.AF	?B	.	.	.	.	.	.	.	.	.	.	.	.	.	92.0537	143.0333	.	airuniversity.seecs.edu.pk	PK	South_Asia	www.mod.gov.af	AF	South_Asia
PK.AIRUNIVERSITY.EDU.N2	AF.MULTINET.N1	?r	.	.	.	.	.	.	.	.	.	.	.	.	.	327.0834	.	.	airuniversity.seecs.edu.pk	PK	South_Asia	www.multinet.af	AF	South_Asia
PK.AIRUNIVERSITY.EDU.N2	AL.ALBANIAONLINE.NET.N1	?B	.	.	.	.	.	.	.	.	.	.	.	.	.	827.5871	1050.5882	.	airuniversity.seecs.edu.pk	PK	South_Asia	aol1.albaniaonline.net	NET	Balkans
PK.AIRUNIVERSITY.EDU.N2	AM.SCI.N1	?B	.	.	.	.	.	.	.	.	.	.	.	.	.	827.2509	511.5432	.	airuniversity.seecs.edu.pk	PK	South_Asia	www.sci.am	AM	Central_Asia
PK.AIRUNIVERSITY.EDU.N2	AU.AARNET.ADELAIDE.N1	?B	.	.	.	.	.	.	.	.	.	.	.	.	.	641.7288	520.2013	.	airuniversity.seecs.edu.pk	PK	South_Asia	adl-a-ext1.aarnet.net.au	AU	Oceania
PK.AIRUNIVERSITY.EDU.N2	AU.AARNET.BRISBANE.NET	?B	.	.	.	.	.	.	.	.	.	.	.	.	.	602.0683	494.6016	.	airuniversity.seecs.edu.pk	PK	South_Asia	bne-a-ext1.aarnet.net.au	AU	Oceania
PK.AIRUNIVERSITY.EDU.N2	AU.AARNET.CANBERRA.NET	?B	.	.	.	.	.	.	.	.	.	.	.	.	.	616.3864	512.8416	.	airuniversity.seecs.edu.pk	PK	South_Asia	cbr-a-ext1.aarnet.net.au	AU	Oceania
PK.AIRUNIVERSITY.EDU.N2	AU.AARNET.HOBART.N2	?B	.	.	.	.	.	.	.	.	.	.	.	.	.	635.6503	504.7273	.	airuniversity.seecs.edu.pk	PK	South_Asia	hba-a-pm1.aarnet.net.au	AU	Oceania
PK.AIRUNIVERSITY.EDU.N2	AU.AARNET.PERTH.NET	?B	.	.	.	.	.	.	.	.	.	.	.	.	.	625.8608	458.5102	.	airuniversity.seecs.edu.pk	PK	South_Asia	per-a-ext1.aarnet.net.au	AU	Oceania
PK.AIRUNIVERSITY.EDU.N2	BA.UTIC.NET.N1	?B	.	.	.	.	.	.	.	.	.	.	.	.	.	501.8925	228.9954	.	airuniversity.seecs.edu.pk	PK	South_Asia	linhost2.utic.net.ba	BA	Balkans
PK.AIRUNIVERSITY.EDU.N2	BD.DUET.AC.N1	?B	.	.	.	.	.	.	.	.	.	.	.	.	.	207.8430	233.4804	.	airuniversity.seecs.edu.pk	PK	South_Asia	www.duet.ac.bd	BD	South_Asia
PK.AIRUNIVERSITY.EDU.N2	BJ.GOUV.N1	?B	.	.	.	.	.	.	.	.	.	.	.	.	.	189.6547	249.2193	.	airuniversity.seecs.edu.pk	PK	South_Asia	waib.gouv.bj	BJ	Africa
PK.AIRUNIVERSITY.EDU.N2	BO.UMSS.EDU.N1	?M	.	.	.	.	.	.	.	.	.	.	.	.	.	645.1684	388.7116	.	airuniversity.seecs.edu.pk	PK	South_Asia	www.umss.edu.bo	BO	Latin_America
PK.AIRUNIVERSITY.EDU.N2	BR.UNESP.N1	?M	.	.	.	.	.	.	.	.	.	.	.	.	.	475.0407	274.0499	.	airuniversity.seecs.edu.pk	PK	South_Asia	pinger.unesp.br	BR	Latin_America
PK.AIRUNIVERSITY.EDU.N2	BR.UNESP.N3	?r	.	.	.	.	.	.	.	.	.	.	.	.	.	442.1795	135.9869	.	airuniversity.seecs.edu.pk	PK	South_Asia	www.unesp.br	BR	Latin_America
PK.AIRUNIVERSITY.EDU.N2	BY.MTEC.N1	?B	.	.	.	.	.	.	.	.	.	.	.	.	.	847.2996	737.4180	.	airuniversity.seecs.edu.pk	PK	South_Asia	www.mtec.by	BY	Europe
PK.AIRUNIVERSITY.EDU.N2	CA.CARLETON.N1	?B	.	.	.	.	.	.	.	.	.	.	.	.	.	669.4582	665.0797	.	airuniversity.seecs.edu.pk	PK	South_Asia	ftp.physics.carleton.ca	CA	North_America
PK.AIRUNIVERSITY.EDU.N2	CA.TRIUMF.N1	?M	.	.	.	.	.	.	.	.	.	.	.	.	.	584.9887	369.0687	.	airuniversity.seecs.edu.pk	PK	South_Asia	sitka.triumf.ca	CA	North_America
PK.AIRUNIVERSITY.EDU.N2	CH.CERN.N1	?B	.	.	.	.	.	.	.	.	.	.	.	.	.	1042.9513	770.2128	.	airuniversity.seecs.edu.pk	PK	South_Asia	ping.cern.ch	CH	Europe
PK.AIRUNIVERSITY.EDU.N2	CH.EPFL.N1	?B	.	.	.	.	.	.	.	.	.	.	.	.	.	1586.2694	930.4642	.	airuniversity.seecs.edu.pk	PK	South_Asia	eltca1.epfl.ch	CH	Europe
PK.AIRUNIVERSITY.EDU.N2	CM.CAMNET.N1	?B	.	.	.	.	.	.	.	.	.	.	.	.	.	196.1289	94.4768	.	airuniversity.seecs.edu.pk	PK	South_Asia	www.camnet.cm	CM	Africa
PK.AIRUNIVERSITY.EDU.N2	CN.IHEP.AC.N2	?B	.	.	.	.	.	.	.	.	.	.	.	.	.	594.3619	479.4516	.	airuniversity.seecs.edu.pk	PK	South_Asia	ihep.ac.cn	CN	East_Asia
PK.AIRUNIVERSITY.EDU.N2	CN.USTC.LCG.PS.EDU.N1	?B	.	.	.	.	.	.	.	.	.	.	.	.	.	723.8139	232.8191	.	airuniversity.seecs.edu.pk	PK	South_Asia	ps.lcg.ustc.edu.cn	CN	East_Asia
PK.AIRUNIVERSITY.EDU.N2	CO.UNIANDES.EDU.N4	?r	.	.	.	.	.	.	.	.	.	.	.	.	.	651.2256	306.9343	.	airuniversity.seecs.edu.pk	PK	South_Asia	cdcnet.uniandes.edu.co	CO	Latin_America
PK.AIRUNIVERSITY.EDU.N2	CR.CUC.AC.N1	?B	.	.	.	.	.	.	.	.	.	.	.	.	.	529.3894	441.9596	.	airuniversity.seecs.edu.pk	PK	South_Asia	www.cuc.ac.cr	CR	Latin_America
PK.AIRUNIVERSITY.EDU.N2	DJ.EBANKSALAAM.N1	?B	.	.	.	.	.	.	.	.	.	.	.	.	.	487.2931	422.4499	.	airuniversity.seecs.edu.pk	PK	South_Asia	www.ebanksalaam.dj	DJ	Africa
PK.AIRUNIVERSITY.EDU.N2	DZ.UNIV-SBA	?B	.	.	.	.	.	.	.	.	.	.	.	.	.	104.8052	596.1687	.	airuniversity.seecs.edu.pk	PK	South_Asia	www.univ-sba.dz	DZ	Africa
PK.AIRUNIVERSITY.EDU.N2	EC.IMPSAT.NET.N1	?B	.	.	.	.	.	.	.	.	.	.	.	.	.	422.5043	377.0498	.	airuniversity.seecs.edu.pk	PK	South_Asia	gye.impsat.net.ec	EC	Latin_America
PK.AIRUNIVERSITY.EDU.N2	EDU.SLAC.STANFORD.N1	?B	.	.	.	.	.	.	.	.	.	.	.	.	.	806.3925	607.3790	.	airuniversity.seecs.edu.pk	PK	South_Asia	ping.slac.stanford.edu	EDU	North_America
PK.AIRUNIVERSITY.EDU.N2	EE.UT.N1	?B	.	.	.	.	.	.	.	.	.	.	.	.	.	948.0578	740.4963	.	airuniversity.seecs.edu.pk	PK	South_Asia	kadri.ut.ee	EE	Europe
PK.AIRUNIVERSITY.EDU.N2	EG.EUN.N1	?B	.	.	.	.	.	.	.	.	.	.	.	.	.	1446.8695	487.5281	.	airuniversity.seecs.edu.pk	PK	South_Asia	frcu.eun.eg	EG	Africa
PK.AIRUNIVERSITY.EDU.N2	ET.STMARYCOLLEGE.N3	?B	.	.	.	.	.	.	.	.	.	.	.	.	.	.	73.8314	.	airuniversity.seecs.edu.pk	PK	South_Asia	www.stmaryuniversitycollege.edu.et	ET	Africa
PK.AIRUNIVERSITY.EDU.N2	GA.TRESOR.N1	?B	.	.	.	.	.	.	.	.	.	.	.	.	.	141.3092	258.8141	.	airuniversity.seecs.edu.pk	PK	South_Asia	www.tresor.ga	GA	Africa
PK.AIRUNIVERSITY.EDU.N2	GH.CSIR.ORG.N1	?B	.	.	.	.	.	.	.	.	.	.	.	.	.	.	110.6533	.	airuniversity.seecs.edu.pk	PK	South_Asia	www.csir.org.gh	GH	Africa
PK.AIRUNIVERSITY.EDU.N2	GM.QANET.N1	?B	.	.	.	.	.	.	.	.	.	.	.	.	.	425.0153	501.4388	.	airuniversity.seecs.edu.pk	PK	South_Asia	mail.qanet.gm	GM	Africa
PK.AIRUNIVERSITY.EDU.N2	GOV.FNAL.N1	?B	.	.	.	.	.	.	.	.	.	.	.	.	.	731.7097	681.1653	.	airuniversity.seecs.edu.pk	PK	South_Asia	fnal.fnal.gov	GOV	North_America
PK.AIRUNIVERSITY.EDU.N2	GT.USAC.EDU.N1	?B	.	.	.	.	.	.	.	.	.	.	.	.	.	136.5430	313.0326	.	airuniversity.seecs.edu.pk	PK	South_Asia	fisica.usac.edu.gt	GT	Latin_America
PK.AIRUNIVERSITY.EDU.N2	HN.EDU.UNITEC.N1	?B	.	.	.	.	.	.	.	.	.	.	.	.	.	493.6768	397.1058	.	airuniversity.seecs.edu.pk	PK	South_Asia	www.unitec.edu	EDU	Latin_America
PK.AIRUNIVERSITY.EDU.N2	HR.CARNET.N2	?B	.	.	.	.	.	.	.	.	.	.	.	.	.	776.8747	818.7011	.	airuniversity.seecs.edu.pk	PK	South_Asia	www.carnet.hr	HR	Balkans
PK.AIRUNIVERSITY.EDU.N2	HU.KFKI.N1	?B	.	.	.	.	.	.	.	.	.	.	.	.	.	926.7328	778.2753	.	airuniversity.seecs.edu.pk	PK	South_Asia	ping.rmki.kfki.hu	HU	Europe
PK.AIRUNIVERSITY.EDU.N2	ID.DNET.NET.N1	?B	.	.	.	.	.	.	.	.	.	.	.	.	.	571.2192	537.8672	.	airuniversity.seecs.edu.pk	PK	South_Asia	speedtest.sby.dnet.net.id	ID	S.E._Asia
PK.AIRUNIVERSITY.EDU.N2	ID.INDO.NET.N1	?r	.	.	.	.	.	.	.	.	.	.	.	.	.	.	.	.	airuniversity.seecs.edu.pk	PK	South_Asia	www.indo.net.id	ID	S.E._Asia
PK.AIRUNIVERSITY.EDU.N2	ID.INDOSAT.NET.N1	?r	.	.	.	.	.	.	.	.	.	.	.	.	.	541.5235	.	.	airuniversity.seecs.edu.pk	PK	South_Asia	www.indosat.net.id	ID	S.E._Asia
PK.AIRUNIVERSITY.EDU.N2	IL.WEIZMANN.AC.N1	?B	.	.	.	.	.	.	.	.	.	.	.	.	.	588.6707	379.3886	.	airuniversity.seecs.edu.pk	PK	South_Asia	www.weizmann.ac.il	IL	Middle_East
PK.AIRUNIVERSITY.EDU.N2	IN.CDACMUMBAI.N1	?M	.	.	.	.	.	.	.	.	.	.	.	.	.	422.9311	534.8082	.	airuniversity.seecs.edu.pk	PK	South_Asia	pinger.cdacmumbai.in	IN	South_Asia
PK.AIRUNIVERSITY.EDU.N2	IT.ICTP.N1	?M	.	.	.	.	.	.	.	.	.	.	.	.	.	883.2221	817.4420	.	airuniversity.seecs.edu.pk	PK	South_Asia	pinger.ictp.it	IT	Europe
PK.AIRUNIVERSITY.EDU.N2	IT.INFN.N6	?B	.	.	.	.	.	.	.	.	.	.	.	.	.	847.6085	670.7611	.	airuniversity.seecs.edu.pk	PK	South_Asia	dsna1.na.infn.it	IT	Europe
PK.AIRUNIVERSITY.EDU.N2	IT.INFN.N7	?B	.	.	.	.	.	.	.	.	.	.	.	.	.	946.8940	894.4451	.	airuniversity.seecs.edu.pk	PK	South_Asia	dxcnaf.cnaf.infn.it	IT	Europe
PK.AIRUNIVERSITY.EDU.N2	JO.SESAME.ORG.N1	?M	.	.	.	.	.	.	.	.	.	.	.	.	.	655.8119	437.6064	.	airuniversity.seecs.edu.pk	PK	South_Asia	pinger.sesame.org.jo	JO	Middle_East
PK.AIRUNIVERSITY.EDU.N2	JP.KEK.N1	?B	.	.	.	.	.	.	.	.	.	.	.	.	.	715.1047	877.2630	.	airuniversity.seecs.edu.pk	PK	South_Asia	www.kek.jp	JP	East_Asia
PK.AIRUNIVERSITY.EDU.N2	JP.RIKEN.N3	?M	.	.	.	.	.	.	.	.	.	.	.	.	.	793.1117	535.4335	.	airuniversity.seecs.edu.pk	PK	South_Asia	ping.riken.jp	JP	East_Asia
PK.AIRUNIVERSITY.EDU.N2	KE.KU.AC.N2	?r	.	.	.	.	.	.	.	.	.	.	.	.	.	206.0658	157.8066	.	airuniversity.seecs.edu.pk	PK	South_Asia	www.ku.ac.ke	KE	Africa
PK.AIRUNIVERSITY.EDU.N2	KE.SWIFTKENYA.COM.N1	?B	.	.	.	.	.	.	.	.	.	.	.	.	.	337.0415	336.7387	.	airuniversity.seecs.edu.pk	PK	South_Asia	ns1.swiftkenya.com	COM	Africa
PK.AIRUNIVERSITY.EDU.N2	KH.CAMNET.COM.N1	?B	.	.	.	.	.	.	.	.	.	.	.	.	.	436.2708	486.1178	.	airuniversity.seecs.edu.pk	PK	South_Asia	www.camnet.com.kh	KH	S.E._Asia
PK.AIRUNIVERSITY.EDU.N2	KR.KYUNGWON.AC.N1	?B	.	.	.	.	.	.	.	.	.	.	.	.	.	726.6029	.	.	airuniversity.seecs.edu.pk	PK	South_Asia	main.kyungwon.ac.kr	KR	East_Asia
PK.AIRUNIVERSITY.EDU.N2	KZ.KAZRENA.N1	?B	.	.	.	.	.	.	.	.	.	.	.	.	.	723.9995	608.0355	.	airuniversity.seecs.edu.pk	PK	South_Asia	www.kazrena.kz	KZ	Central_Asia
PK.AIRUNIVERSITY.EDU.N2	LB.CUT.EDU.N1	?B	.	.	.	.	.	.	.	.	.	.	.	.	.	808.8599	1297.8988	.	airuniversity.seecs.edu.pk	PK	South_Asia	www.cut.edu.lb	LB	Middle_East
PK.AIRUNIVERSITY.EDU.N2	LK.LEARN.AC.N1	?B	.	.	.	.	.	.	.	.	.	.	.	.	.	924.3978	532.4969	.	airuniversity.seecs.edu.pk	PK	South_Asia	namunu.learn.ac.lk	LK	South_Asia
PK.AIRUNIVERSITY.EDU.N2	LS.LESOTHO.GOV.N1	?B	.	.	.	.	.	.	.	.	.	.	.	.	.	340.3019	579.9627	.	airuniversity.seecs.edu.pk	PK	South_Asia	www.lesotho.gov.ls	LS	Africa
PK.AIRUNIVERSITY.EDU.N2	LT.MII.N1	?B	.	.	.	.	.	.	.	.	.	.	.	.	.	806.9495	758.8616	.	airuniversity.seecs.edu.pk	PK	South_Asia	julius.ktl.mii.lt	LT	Europe
PK.AIRUNIVERSITY.EDU.N2	LV.RTU.N1	?r	.	.	.	.	.	.	.	.	.	.	.	.	.	.	.	.	airuniversity.seecs.edu.pk	PK	South_Asia	www.rtu.lv	LV	Europe
PK.AIRUNIVERSITY.EDU.N2	LV.WEB-A-LVDATS.N1	?B	.	.	.	.	.	.	.	.	.	.	.	.	.	1825.5221	948.8817	.	airuniversity.seecs.edu.pk	PK	South_Asia	web-a.lvdats.lv	LV	Europe
PK.AIRUNIVERSITY.EDU.N2	LY.LTTNET.NET	?B	.	.	.	.	.	.	.	.	.	.	.	.	.	877.3676	1750.6593	.	airuniversity.seecs.edu.pk	PK	South_Asia	mail.lttnet.net	NET	Africa
PK.AIRUNIVERSITY.EDU.N2	MK.NET.N1	?B	.	.	.	.	.	.	.	.	.	.	.	.	.	.	1553.9747	.	airuniversity.seecs.edu.pk	PK	South_Asia	www.mt.net.mk	MK	Balkans
PK.AIRUNIVERSITY.EDU.N2	ML.ORG.REFER.N1	?B	.	.	.	.	.	.	.	.	.	.	.	.	.	200.9429	453.3577	.	airuniversity.seecs.edu.pk	PK	South_Asia	www.ml.refer.org	ORG	Africa
PK.AIRUNIVERSITY.EDU.N2	MN.MAGIC.N1	?B	.	.	.	.	.	.	.	.	.	.	.	.	.	663.9198	369.0472	.	airuniversity.seecs.edu.pk	PK	South_Asia	magic.mn	MN	Central_Asia
PK.AIRUNIVERSITY.EDU.N2	MR.AFE.N1	?B	.	.	.	.	.	.	.	.	.	.	.	.	.	86.9716	159.6448	.	airuniversity.seecs.edu.pk	PK	South_Asia	www.afe.mr	MR	Africa
PK.AIRUNIVERSITY.EDU.N2	MX.UIA.N1	?B	.	.	.	.	.	.	.	.	.	.	.	.	.	1070.7853	690.3488	.	airuniversity.seecs.edu.pk	PK	South_Asia	www.uia.mx	MX	Latin_America
PK.AIRUNIVERSITY.EDU.N2	MY.UNIMAS.N4	?M	.	.	.	.	.	.	.	.	.	.	.	.	.	.	275.7546	.	airuniversity.seecs.edu.pk	PK	South_Asia	pinger.unimas.my	MY	S.E._Asia
PK.AIRUNIVERSITY.EDU.N2	MZ.UEM.N1	?B	.	.	.	.	.	.	.	.	.	.	.	.	.	296.0351	206.5837	.	airuniversity.seecs.edu.pk	PK	South_Asia	www.uem.mz	MZ	Africa
PK.AIRUNIVERSITY.EDU.N2	NA.ADSL-ISP.COM.N1	?B	.	.	.	.	.	.	.	.	.	.	.	.	.	352.9842	364.7305	.	airuniversity.seecs.edu.pk	PK	South_Asia	www.adsl.com.na	NA	Africa
PK.AIRUNIVERSITY.EDU.N2	NP.NREN.NET.N2	?B	.	.	.	.	.	.	.	.	.	.	.	.	.	587.7112	438.4000	.	airuniversity.seecs.edu.pk	PK	South_Asia	www.nren.net.np	NP	South_Asia
PK.AIRUNIVERSITY.EDU.N2	NZ.WAIKATO.AC.N3	?B	.	.	.	.	.	.	.	.	.	.	.	.	.	376.3064	431.0943	.	airuniversity.seecs.edu.pk	PK	South_Asia	amp-kiwi.cs.waikato.ac.nz	NZ	Oceania
PK.AIRUNIVERSITY.EDU.N2	PA.EDU.INSTITUTOKILPATRICK.N1	?B	.	.	.	.	.	.	.	.	.	.	.	.	.	418.6061	343.9987	.	airuniversity.seecs.edu.pk	PK	South_Asia	institutokilpatrick.edu.pa	PA	Latin_America
PK.AIRUNIVERSITY.EDU.N2	PH.USEP.EDU.N1	?B	.	.	.	.	.	.	.	.	.	.	.	.	.	49.6782	215.0107	.	airuniversity.seecs.edu.pk	PK	South_Asia	www.usep.edu.ph	PH	S.E._Asia
PK.AIRUNIVERSITY.EDU.N2	PK.AIOU.EDU.N2	?M	.	.	.	.	.	.	.	.	.	.	.	.	.	12645172.2437	947110.1794	.	airuniversity.seecs.edu.pk	PK	South_Asia	pinger.aiou.edu.pk	PK	South_Asia
PK.AIRUNIVERSITY.EDU.N2	PK.AUP.SEECS.EDU	?M	.	.	.	.	.	.	.	.	.	.	.	.	.	139060.3661	4141.3114	.	airuniversity.seecs.edu.pk	PK	South_Asia	aup.seecs.edu.pk	PK	South_Asia
PK.AIRUNIVERSITY.EDU.N2	PK.BUITMS.SEECS.EDU	?M	.	.	.	.	.	.	.	.	.	.	.	.	.	.	7349.5844	.	airuniversity.seecs.edu.pk	PK	South_Asia	buitms.seecs.edu.pk	PK	South_Asia
PK.AIRUNIVERSITY.EDU.N2	PK.CAE.SEECS.EDU	?M	.	.	.	.	.	.	.	.	.	.	.	.	.	.	2923.8734	.	airuniversity.seecs.edu.pk	PK	South_Asia	cae.seecs.edu.pk	PK	South_Asia
PK.AIRUNIVERSITY.EDU.N2	PK.CEMB.EDU.N2	?M	.	.	.	.	.	.	.	.	.	.	.	.	.	9714.7447	4416.0182	.	airuniversity.seecs.edu.pk	PK	South_Asia	pinger.cemb.edu.pk	PK	South_Asia
PK.AIRUNIVERSITY.EDU.N2	PK.COMSATS.EDU.N2	?M	.	.	.	.	.	.	.	.	.	.	.	.	.	6032.6620	2970.0279	.	airuniversity.seecs.edu.pk	PK	South_Asia	pinger.comsats.edu.pk	PK	South_Asia
PK.AIRUNIVERSITY.EDU.N2	PK.DUHS.SEECS.EDU.PK	?M	.	.	.	.	.	.	.	.	.	.	.	.	.	.	13183.0294	.	airuniversity.seecs.edu.pk	PK	South_Asia	duhs.seecs.edu.pk	PK	South_Asia
PK.AIRUNIVERSITY.EDU.N2	PK.GIKI.EDU.N1	?M	.	.	.	.	.	.	.	.	.	.	.	.	.	.	2987.1785	.	airuniversity.seecs.edu.pk	PK	South_Asia	pinger.giki.edu.pk	PK	South_Asia
PK.AIRUNIVERSITY.EDU.N2	PK.HU.EDU.N2	?r	.	.	.	.	.	.	.	.	.	.	.	.	.	3470.8233	1219.4736	.	airuniversity.seecs.edu.pk	PK	South_Asia	hu.seecs.edu.pk	PK	South_Asia
PK.AIRUNIVERSITY.EDU.N2	PK.IIU.EDU.N2	?M	.	.	.	.	.	.	.	.	.	.	.	.	.	9741988.9442	898141.5661	.	airuniversity.seecs.edu.pk	PK	South_Asia	vle.iiu.edu.pk	PK	South_Asia
PK.AIRUNIVERSITY.EDU.N2	PK.ISRA.EDU.N2	?M	.	.	.	.	.	.	.	.	.	.	.	.	.	2360.8589	6367.2841	.	airuniversity.seecs.edu.pk	PK	South_Asia	pinger.isra.edu.pk	PK	South_Asia
PK.AIRUNIVERSITY.EDU.N2	PK.KINNAIRD.SEECS.EDU	?M	.	.	.	.	.	.	.	.	.	.	.	.	.	.	5346.9846	.	airuniversity.seecs.edu.pk	PK	South_Asia	kinnaird.seecs.edu.pk	PK	South_Asia
PK.AIRUNIVERSITY.EDU.N2	PK.KOHAT.EDU.N2	?M	.	.	.	.	.	.	.	.	.	.	.	.	.	599.0441	5227.7166	.	airuniversity.seecs.edu.pk	PK	South_Asia	pinger.kohat.edu.pk	PK	South_Asia
PK.AIRUNIVERSITY.EDU.N2	PK.LCWU.EDU.N2	?M	.	.	.	.	.	.	.	.	.	.	.	.	.	17515.1309	5524.7673	.	airuniversity.seecs.edu.pk	PK	South_Asia	pinger.lcwu.edu.pk	PK	South_Asia
PK.AIRUNIVERSITY.EDU.N2	PK.LSE.EDU.N3	?r	.	.	.	.	.	.	.	.	.	.	.	.	.	5525.4157	.	.	airuniversity.seecs.edu.pk	PK	South_Asia	lse.seecs.edu.pk	PK	South_Asia
PK.AIRUNIVERSITY.EDU.N2	PK.NCA.EDU.N2	?M	.	.	.	.	.	.	.	.	.	.	.	.	.	31505.9055	5179.8110	.	airuniversity.seecs.edu.pk	PK	South_Asia	pinger.nca.edu.pk	PK	South_Asia
PK.AIRUNIVERSITY.EDU.N2	PK.NCP.EDU.N3	?M	.	.	.	.	.	.	.	.	.	.	.	.	.	9971621.5407	1037137.5399	.	airuniversity.seecs.edu.pk	PK	South_Asia	pinger-ncp.ncp.edu.pk	PK	South_Asia
PK.AIRUNIVERSITY.EDU.N2	PK.NEDUET.EDU.N1	?M	.	.	.	.	.	.	.	.	.	.	.	.	.	13154.9511	247918.1346	.	airuniversity.seecs.edu.pk	PK	South_Asia	npm.neduet.edu.pk	PK	South_Asia
PK.AIRUNIVERSITY.EDU.N2	PK.NU.EDU.N2	?M	.	.	.	.	.	.	.	.	.	.	.	.	.	15161.8929	4901.2685	.	airuniversity.seecs.edu.pk	PK	South_Asia	pinger.lhr.nu.edu.pk	PK	South_Asia
PK.AIRUNIVERSITY.EDU.N2	PK.NUISB.SEECS.EDU	?M	.	.	.	.	.	.	.	.	.	.	.	.	.	.	438702.7228	.	airuniversity.seecs.edu.pk	PK	South_Asia	nuisb.seecs.edu.pk	PK	South_Asia
PK.AIRUNIVERSITY.EDU.N2	PK.NUKHIMAIN.SEECS.EDU	?M	.	.	.	.	.	.	.	.	.	.	.	.	.	.	4778.6349	.	airuniversity.seecs.edu.pk	PK	South_Asia	nukhimain.seecs.edu.pk	PK	South_Asia
PK.AIRUNIVERSITY.EDU.N2	PK.NUML.EDU	?M	.	.	.	.	.	.	.	.	.	.	.	.	.	.	130650.2248	.	airuniversity.seecs.edu.pk	PK	South_Asia	pinger.numl.edu.pk	PK	South_Asia
PK.AIRUNIVERSITY.EDU.N2	PK.NWFPUET.EDU.N1	?M	.	.	.	.	.	.	.	.	.	.	.	.	.	141345.4915	4068.2126	.	airuniversity.seecs.edu.pk	PK	South_Asia	pinger.nwfpuet.edu.pk	PK	South_Asia
PK.AIRUNIVERSITY.EDU.N2	PK.PERN.EDU.N1	?M	.	.	.	.	.	.	.	.	.	.	.	.	.	.	11493087.3960	.	airuniversity.seecs.edu.pk	PK	South_Asia	pinger.pern.edu.pk	PK	South_Asia
PK.AIRUNIVERSITY.EDU.N2	PK.PERNFSBDPOP.EDU.N1	?M	.	.	.	.	.	.	.	.	.	.	.	.	.	1221.7290	5398.0260	.	airuniversity.seecs.edu.pk	PK	South_Asia	pingerfsbd.pern.edu.pk	PK	South_Asia
PK.AIRUNIVERSITY.EDU.N2	PK.PERNKHIPOP.EDU.N2	?M	.	.	.	.	.	.	.	.	.	.	.	.	.	31701.5510	7219.9019	.	airuniversity.seecs.edu.pk	PK	South_Asia	pingerkhi.pern.edu.pk	PK	South_Asia
PK.AIRUNIVERSITY.EDU.N2	PK.PERNLHRPOP.EDU.N1	?M	.	.	.	.	.	.	.	.	.	.	.	.	.	23918.1050	8220.0839	.	airuniversity.seecs.edu.pk	PK	South_Asia	pingerlhr.pern.edu.pk	PK	South_Asia
PK.AIRUNIVERSITY.EDU.N2	PK.PERNMTNPOP.EDU.N2	?M	.	.	.	.	.	.	.	.	.	.	.	.	.	9282.9820	3833.2091	.	airuniversity.seecs.edu.pk	PK	South_Asia	pingermtn.pern.edu.pk	PK	South_Asia
PK.AIRUNIVERSITY.EDU.N2	PK.PERNPWRPOP.EDU.N2	?M	.	.	.	.	.	.	.	.	.	.	.	.	.	.	2975.2247	.	airuniversity.seecs.edu.pk	PK	South_Asia	pingerpwr.pern.edu.pk	PK	South_Asia
PK.AIRUNIVERSITY.EDU.N2	PK.PERNSINDHUPOP.EDU.N2	?M	.	.	.	.	.	.	.	.	.	.	.	.	.	24966.6727	7984.7845	.	airuniversity.seecs.edu.pk	PK	South_Asia	pingerjms.pern.edu.pk	PK	South_Asia
PK.AIRUNIVERSITY.EDU.N2	PK.PINGER.IBA-SUK.EDU	?M	.	.	.	.	.	.	.	.	.	.	.	.	.	.	1246.7816	.	airuniversity.seecs.edu.pk	PK	South_Asia	pinger.iba-suk.edu.pk	PK	South_Asia
PK.AIRUNIVERSITY.EDU.N2	PK.PINGERISL-FJWU.PERN.EDU	?M	.	.	.	.	.	.	.	.	.	.	.	.	.	.	299950.6805	.	airuniversity.seecs.edu.pk	PK	South_Asia	pingerisl-fjwu.pern.edu.pk	PK	South_Asia
PK.AIRUNIVERSITY.EDU.N2	PK.PINGERISL-QAU.PERN.EDU	?M	.	.	.	.	.	.	.	.	.	.	.	.	.	.	440538.3099	.	airuniversity.seecs.edu.pk	PK	South_Asia	pingerisl-qau.pern.edu.pk	PK	South_Asia
PK.AIRUNIVERSITY.EDU.N2	PK.PINGERKHI-CPSP.PERN.EDU	?M	.	.	.	.	.	.	.	.	.	.	.	.	.	.	21906.4050	.	airuniversity.seecs.edu.pk	PK	South_Asia	pingerkhi-cpsp.pern.edu.pk	PK	South_Asia
PK.AIRUNIVERSITY.EDU.N2	PK.PINGERKHI-UOK.PERN.EDU	?M	.	.	.	.	.	.	.	.	.	.	.	.	.	.	4544.6172	.	airuniversity.seecs.edu.pk	PK	South_Asia	pingerkhi-uok.pern.edu.pk	PK	South_Asia
PK.AIRUNIVERSITY.EDU.N2	PK.PINGERLHR-GCU.PERN.EDU	?M	.	.	.	.	.	.	.	.	.	.	.	.	.	.	6796.7669	.	airuniversity.seecs.edu.pk	PK	South_Asia	pingerlhr-gcu.pern.edu.pk	PK	South_Asia
PK.AIRUNIVERSITY.EDU.N2	PK.PINGERLHR-PU.PERN.EDU	?M	.	.	.	.	.	.	.	.	.	.	.	.	.	.	3800.0798	.	airuniversity.seecs.edu.pk	PK	South_Asia	pingerlhr-pu.pern.edu.pk	PK	South_Asia
PK.AIRUNIVERSITY.EDU.N2	PK.PINGERQTA.PERN.EDU.N2	?M	.	.	.	.	.	.	.	.	.	.	.	.	.	7692.6952	5953.3049	.	airuniversity.seecs.edu.pk	PK	South_Asia	pingerqta.pern.edu.pk	PK	South_Asia
PK.AIRUNIVERSITY.EDU.N2	PK.PU.EDU.N2	?r	.	.	.	.	.	.	.	.	.	.	.	.	.	17816.9251	6327.5413	.	airuniversity.seecs.edu.pk	PK	South_Asia	pinger-itc.pu.edu.pk	PK	South_Asia
PK.AIRUNIVERSITY.EDU.N2	PK.QUEST.SEECS.EDU	?M	.	.	.	.	.	.	.	.	.	.	.	.	.	.	686.9391	.	airuniversity.seecs.edu.pk	PK	South_Asia	quest.seecs.edu.pk	PK	South_Asia
PK.AIRUNIVERSITY.EDU.N2	PK.SAU.SEECS.EDU	?M	.	.	.	.	.	.	.	.	.	.	.	.	.	.	2685.7765	.	airuniversity.seecs.edu.pk	PK	South_Asia	sau.seecs.edu.pk	PK	South_Asia
PK.AIRUNIVERSITY.EDU.N2	PK.SBKWU.SEECS.EDU	?r	.	.	.	.	.	.	.	.	.	.	.	.	.	.	3394.4585	.	airuniversity.seecs.edu.pk	PK	South_Asia	sbkwu.seecs.edu.pk	PK	South_Asia
PK.AIRUNIVERSITY.EDU.N2	PK.SEECS.EDU.N2	?M	.	.	.	.	.	.	.	.	.	.	.	.	.	305942.0157	202368.4866	.	airuniversity.seecs.edu.pk	PK	South_Asia	monitor.seecs.edu.pk	PK	South_Asia
PK.AIRUNIVERSITY.EDU.N2	PK.SEECS.EDU.N6	?M	.	.	.	.	.	.	.	.	.	.	.	.	.	.	9522.8738	.	airuniversity.seecs.edu.pk	PK	South_Asia	maggie1.seecs.edu.pk	PK	South_Asia
PK.AIRUNIVERSITY.EDU.N2	PK.SEECS.EDU.N7	?M	.	.	.	.	.	.	.	.	.	.	.	.	.	.	5844.5865	.	airuniversity.seecs.edu.pk	PK	South_Asia	maggie2.seecs.edu.pk	PK	South_Asia
PK.AIRUNIVERSITY.EDU.N2	PK.UAAR.EDU.N1	?r	.	.	.	.	.	.	.	.	.	.	.	.	.	7751399.3098	6427380.3670	.	airuniversity.seecs.edu.pk	PK	South_Asia	pinger.uaar.edu.pk	PK	South_Asia
PK.AIRUNIVERSITY.EDU.N2	PK.UET.EDU.N2	?M	.	.	.	.	.	.	.	.	.	.	.	.	.	12494.2538	5578.6331	.	airuniversity.seecs.edu.pk	PK	South_Asia	pinger.uet.edu.pk	PK	South_Asia
PK.AIRUNIVERSITY.EDU.N2	PK.UETTAXILA.EDU.N1	?M	.	.	.	.	.	.	.	.	.	.	.	.	.	902.2146	1880.5680	.	airuniversity.seecs.edu.pk	PK	South_Asia	pinger.uettaxila.edu.pk	PK	South_Asia
PK.AIRUNIVERSITY.EDU.N2	PK.UOB.EDU.N3	?M	.	.	.	.	.	.	.	.	.	.	.	.	.	4815.9726	5200.2070	.	airuniversity.seecs.edu.pk	PK	South_Asia	pinger.uob.edu.pk	PK	South_Asia
PK.AIRUNIVERSITY.EDU.N2	PK.UPESH.EDU.N2	?M	.	.	.	.	.	.	.	.	.	.	.	.	.	8609.5541	5390.1608	.	airuniversity.seecs.edu.pk	PK	South_Asia	www.upesh.edu.pk	PK	South_Asia
PK.AIRUNIVERSITY.EDU.N2	PK.USINDH.EDU.N2	?M	.	.	.	.	.	.	.	.	.	.	.	.	.	64373.3265	4810.8786	.	airuniversity.seecs.edu.pk	PK	South_Asia	pinger.usindh.edu.pk	PK	South_Asia
PK.AIRUNIVERSITY.EDU.N2	PK.USTB.EDU.N2	?r	.	.	.	.	.	.	.	.	.	.	.	.	.	603.3583	1087.2532	.	airuniversity.seecs.edu.pk	PK	South_Asia	pinger.ustb.edu.pk	PK	South_Asia
PK.AIRUNIVERSITY.EDU.N2	PK.VU.EDU	?M	.	.	.	.	.	.	.	.	.	.	.	.	.	.	3517.3101	.	airuniversity.seecs.edu.pk	PK	South_Asia	pinger.vu.edu.pk	PK	South_Asia
PK.AIRUNIVERSITY.EDU.N2	PS.ALQUDS.EDU.N2	?M	.	.	.	.	.	.	.	.	.	.	.	.	.	410.7891	.	.	airuniversity.seecs.edu.pk	PK	South_Asia	pinger.alquds.edu	EDU	Middle_East
PK.AIRUNIVERSITY.EDU.N2	PY.WWW.UNA.N1	?B	.	.	.	.	.	.	.	.	.	.	.	.	.	371.0795	430.2187	.	airuniversity.seecs.edu.pk	PK	South_Asia	www.una.py	PY	Latin_America
PK.AIRUNIVERSITY.EDU.N2	RS.BG.AC.N1	?B	.	.	.	.	.	.	.	.	.	.	.	.	.	864.0111	.	.	airuniversity.seecs.edu.pk	PK	South_Asia	ns.rcub.bg.ac.rs	RS	Balkans
PK.AIRUNIVERSITY.EDU.N2	RU.ITEP.N1	?B	.	.	.	.	.	.	.	.	.	.	.	.	.	521.0223	591.8195	.	airuniversity.seecs.edu.pk	PK	South_Asia	mctest.itep.ru	RU	Russia
PK.AIRUNIVERSITY.EDU.N2	RU.NSK.N1	?M	.	.	.	.	.	.	.	.	.	.	.	.	.	592.1608	713.7463	.	airuniversity.seecs.edu.pk	PK	South_Asia	rainbow.inp.nsk.su	SU	Russia
PK.AIRUNIVERSITY.EDU.N2	RW.KIE.AC.N1	?r	.	.	.	.	.	.	.	.	.	.	.	.	.	139.1507	21329.4110	.	airuniversity.seecs.edu.pk	PK	South_Asia	www.kie.ac.rw	RW	Africa
PK.AIRUNIVERSITY.EDU.N2	RW.KIST.AC.N1	?B	.	.	.	.	.	.	.	.	.	.	.	.	.	46.2366	76.1372	.	airuniversity.seecs.edu.pk	PK	South_Asia	www.kist.ac.rw	RW	Africa
PK.AIRUNIVERSITY.EDU.N2	SD.SUSTECH.EDU.N1	?r	.	.	.	.	.	.	.	.	.	.	.	.	.	.	.	.	airuniversity.seecs.edu.pk	PK	South_Asia	www.sustech.edu	EDU	Africa
PK.AIRUNIVERSITY.EDU.N2	SE.SU.N1	?B	.	.	.	.	.	.	.	.	.	.	.	.	.	952.9317	655.3769	.	airuniversity.seecs.edu.pk	PK	South_Asia	pp2.it.su.se	SE	Europe
PK.AIRUNIVERSITY.EDU.N2	SG.SINGAREN.NET.N1	?B	.	.	.	.	.	.	.	.	.	.	.	.	.	957.9712	487.1193	.	airuniversity.seecs.edu.pk	PK	South_Asia	www.singaren.net.sg	SG	S.E._Asia
PK.AIRUNIVERSITY.EDU.N2	SI.UNI-MB.N1	?B	.	.	.	.	.	.	.	.	.	.	.	.	.	880.7803	889.7481	.	airuniversity.seecs.edu.pk	PK	South_Asia	www.uni-mb.si	SI	Balkans
PK.AIRUNIVERSITY.EDU.N2	SK.SANET.N1	?B	.	.	.	.	.	.	.	.	.	.	.	.	.	1011.6165	627.5405	.	airuniversity.seecs.edu.pk	PK	South_Asia	ba.sanet.sk	SK	Europe
PK.AIRUNIVERSITY.EDU.N2	SN.COLLEGE.EDU.N1	?B	.	.	.	.	.	.	.	.	.	.	.	.	.	293.6324	320.0863	.	airuniversity.seecs.edu.pk	PK	South_Asia	www.college.edu.sn	SN	Africa
PK.AIRUNIVERSITY.EDU.N2	SN.REFER.N1	?r	.	.	.	.	.	.	.	.	.	.	.	.	.	452.7040	.	.	airuniversity.seecs.edu.pk	PK	South_Asia	www.refer.sn	SN	Africa
PK.AIRUNIVERSITY.EDU.N2	SV.RED.N1	?B	.	.	.	.	.	.	.	.	.	.	.	.	.	641.8219	440.6126	.	airuniversity.seecs.edu.pk	PK	South_Asia	cir.red.sv	SV	Latin_America
PK.AIRUNIVERSITY.EDU.N2	TG.REFER.ORG.N1	?B	.	.	.	.	.	.	.	.	.	.	.	.	.	423.4282	193.9686	.	airuniversity.seecs.edu.pk	PK	South_Asia	tg.refer.org	ORG	Africa
PK.AIRUNIVERSITY.EDU.N2	TH.KMUTT.AC.N2	?B	.	.	.	.	.	.	.	.	.	.	.	.	.	470.9295	319.8611	.	airuniversity.seecs.edu.pk	PK	South_Asia	ongkot.kmutt.ac.th	TH	S.E._Asia
PK.AIRUNIVERSITY.EDU.N2	TN.GNET.N1	?B	.	.	.	.	.	.	.	.	.	.	.	.	.	1567.6799	1310.4992	.	airuniversity.seecs.edu.pk	PK	South_Asia	mail.gnet.tn	TN	Africa
PK.AIRUNIVERSITY.EDU.N2	TR.ANADOLU.EDU.N1	?B	.	.	.	.	.	.	.	.	.	.	.	.	.	528.1375	622.5271	.	airuniversity.seecs.edu.pk	PK	South_Asia	www.anadolu.edu.tr	TR	Middle_East
PK.AIRUNIVERSITY.EDU.N2	TW.SINICA.EDU.N1	?B	.	.	.	.	.	.	.	.	.	.	.	.	.	792.5934	302.4031	.	airuniversity.seecs.edu.pk	PK	South_Asia	dns.sinica.edu.tw	TW	East_Asia
PK.AIRUNIVERSITY.EDU.N2	TZ.UDSM.AC.N1	?B	.	.	.	.	.	.	.	.	.	.	.	.	.	348.9440	215.6132	.	airuniversity.seecs.edu.pk	PK	South_Asia	www.udsm.ac.tz	TZ	Africa
PK.AIRUNIVERSITY.EDU.N2	UA.KHARKOV.N1	?B	.	.	.	.	.	.	.	.	.	.	.	.	.	137.3393	105.2089	.	airuniversity.seecs.edu.pk	PK	South_Asia	mail.kipt.kharkov.ua	UA	Europe
PK.AIRUNIVERSITY.EDU.N2	UA.KIEV.N1	?r	.	.	.	.	.	.	.	.	.	.	.	.	.	.	.	.	airuniversity.seecs.edu.pk	PK	South_Asia	ns.kiev.ua	UA	Europe
PK.AIRUNIVERSITY.EDU.N2	UY.FISICA.EDU.N1	?B	.	.	.	.	.	.	.	.	.	.	.	.	.	178.0395	226.0264	.	airuniversity.seecs.edu.pk	PK	South_Asia	www.fisica.edu.uy	UY	Latin_America
PK.AIRUNIVERSITY.EDU.N2	UY.RAU.EDU	?r	.	.	.	.	.	.	.	.	.	.	.	.	.	212.1801	113.4958	.	airuniversity.seecs.edu.pk	PK	South_Asia	gt-medicionesuy.rau.edu.uy	UY	Latin_America
PK.AIRUNIVERSITY.EDU.N2	VE.CUC.EDU.N1	?B	.	.	.	.	.	.	.	.	.	.	.	.	.	769.7962	703.6373	.	airuniversity.seecs.edu.pk	PK	South_Asia	www.cuc.edu.ve	VE	Latin_America
PK.AIRUNIVERSITY.EDU.N2	ZA.TENET.AC.N1	?M	.	.	.	.	.	.	.	.	.	.	.	.	.	321.5156	204.3339	.	airuniversity.seecs.edu.pk	PK	South_Asia	brunsvigia.tenet.ac.za	ZA	Africa
PK.AIRUNIVERSITY.EDU.N2	ZM.AISHA.AC.N1	?B	.	.	.	.	.	.	.	.	.	.	.	.	.	290.2711	292.0615	.	airuniversity.seecs.edu.pk	PK	South_Asia	www.aisha.ac.zm	ZM	Africa

